Local;ano;area;produtividade;temp_SEP;temp_OCT;temp_NOV;temp_DEC;temp_ANN;ue_SEP;ue_OCT;ue_NOV;ue_DEC;ue_ANN;ur_SEP;ur_OCT;ur_NOV;ur_DEC;ur_ANN;vv_SEP;vv_OCT;vv_NOV;vv_DEC;vv_ANN;tmax_SEP;tmax_OCT;tmax_NOV;tmax_DEC;tmax_ANN;tmin_SEP;tmin_OCT;tmin_NOV;tmin_DEC;tmin_ANN;umidsolos_SEP;umidsolos_OCT;umidsolos_NOV;umidsolos_DEC;umidsolos_ANN;tamplitude_SEP;tamplitude_OCT;tamplitude_NOV;tamplitude_DEC;tamplitude_ANN;Qo_SEP;Qo_OCT;Qo_NOV;Qo_DEC;Qo_ANN;Prec_SEP;Prec_OCT;Prec_NOV;Prec_DEC;Prec_ANN;Qg_SEP;Qg_OCT;Qg_NOV;Qg_DEC;Qg_ANN;ETP_SEP;ETP_OCT;ETP_NOV;ETP_DEC;ETP_ANN
Jaboticabal;1984;6500;4561,3;22,1;26,1;25,6;23,6;24,4;9,89;12,27;13,49;15,81;12,9;59,9;58,9;65,5;82,5;66,7;2,52;2,53;2,64;2,11;2,5;34,8;37,4;38,5;31;35,4;9,4;11,4;15,4;16,4;13,2;65;64;66;82;69,3;25,4;26;23,1;14,6;22,3;33,41;38,02;41,02;42,24;38,7;95,7;66,3;195,3;259,5;616,8;18,93;23,22;23,12;20,2;21,4;90,2;121,7;128,6;122,2;462,7
Jaboticabal;1985;7031;4535,3;25,7;27,5;24,7;25;25,7;8,61;10,07;13,43;14,83;11,7;43,8;45,4;67,9;72,8;57,5;2,95;2,59;2,3;2,12;2,5;38,8;39,6;38,1;35,5;38;14,8;14,5;14,6;16,1;15;59;59;71;72;65,3;24;25,1;23,5;19,4;23;33,37;37,98;41;42,23;38,6;18,6;63,3;213,3;189,6;484,8;19,96;24,18;25,32;25,15;23,7;105;127,8;124,1;129,4;486,3
Jaboticabal;1986;5610;4500,9;22,9;25,3;26,1;23,6;24,5;9,89;10,44;13,12;15,93;12,3;57,9;53,6;61,9;83,2;64,2;2,92;2,83;2,58;2,13;2,6;36,5;39,2;37,5;31,3;36,1;11,3;10;11,8;17,8;12,7;64;62;65;80;67,8;25,2;29,2;25,7;13,5;23,4;33,32;37,96;40,99;42,23;38,6;23,1;75,6;136,8;345,6;581,1;18,77;22,7;23,52;19,84;21,2;93,5;117,6;131;122;464,1
Jaboticabal;1987;5000;4473,5;24,4;25,4;25,1;24,1;24,8;10,68;12,82;14,47;15,87;13,5;57,1;63,4;70,9;80,9;68,1;3,26;2,59;2,47;2,05;2,6;37,6;39,2;37,3;31,4;36,4;12;13,2;16,3;15,9;14,4;61;65;71;77;68,5;25,6;26;20,9;15,6;22;33,29;37,93;40,98;42,23;38,6;78,6;101,4;205,8;191,1;576,9;18,14;21,29;24,25;23,14;21,7;99,5;117,9;126,1;124,4;467,9
Jaboticabal;1988;4000;4884,2;26,3;24,8;23,7;24,9;24,9;8,3;12,45;13,43;14,95;12,3;40,5;63,4;71,5;74,2;62,4;3,18;2,73;2,74;1,99;2,7;40,4;37,1;33,7;35,4;36,7;14,3;14,4;12,3;16,9;14,5;59;64;70;71;66;26,1;22,7;21,4;18,5;22,2;33,43;38,04;41,04;42,25;38,7;11,1;170,7;113,1;201;495,9;19,21;17,56;23,87;23,48;21;107,8;115,7;118,9;128,7;471,1
Jaboticabal;1989;4000;5140,4;22,9;24,3;24,4;23,5;23,8;11,29;10,93;13,61;15,01;12,7;63,9;58,4;69,3;79,5;67,8;2,8;3,16;2,47;2,91;2,8;36,3;36,2;36;33,7;35,6;8,7;11,2;11,9;15,1;11,7;64;62;68;78;68;27,6;24,9;24,1;18,7;23,8;33,38;38,02;41,03;42,26;38,7;74,7;74,1;210;302,1;660,9;18,21;23,71;22,5;20,64;21,3;93,6;113,1;122,6;121,7;451
Jaboticabal;1990;3900;4468,4;21,5;25,2;26,6;25,6;24,7;9,83;12,88;15,01;14,89;13,2;61,4;63,9;68,1;70,4;66;2,98;2,57;1,98;2,23;2,4;35,4;37,7;36,5;36,6;36,6;9;13,7;16,4;13,1;13,1;65;65;67;70;66,8;26,4;24;20;23,5;23,5;33,36;37,98;41;42,25;38,6;31,8;102,9;134,1;155,7;424,5;17,07;21,56;23,83;23,42;21,5;87,9;117,2;133,4;132,5;471
Jaboticabal;1991;4535;4040,3;24,6;24,3;26,5;24,5;25;8,91;12,51;12,63;15,62;12,4;47,3;65,3;59,1;78,3;62,5;2,97;2,82;2,51;2,16;2,6;37;36,9;37,3;34,8;36,5;12,9;13,2;16,7;16,8;14,9;59;67;62;74;65,5;24,2;23,7;20,6;18;21,6;33,31;37,93;41;42,22;38,6;60,9;85,2;90;267,6;503,7;18,78;20,74;24,41;21,8;21,4;100,3;113;132,9;126,7;472,9
Jaboticabal;1992;5571;3867,6;21,9;23,1;23;23,9;23;11,72;14,65;14,53;15,2;14;69,9;79,5;78,9;78,3;76,7;2,82;2,31;2,34;2,25;2,4;32,6;30,9;31;32,1;31,7;12,7;13,5;13,6;15,5;13,8;66;77;80;76;74,8;19,9;17,4;17,4;16,7;17,9;33,43;38,03;41,03;42,25;38,7;144;237,6;150;141;672,6;13,54;19,64;20,76;23,99;19,5;89,8;107,3;115,7;123,8;436,6
Jaboticabal;1993;6600;3925,3;24;24,8;26,7;24,9;25,1;11,6;12,94;13,67;15,5;13,4;62,5;64,8;62,1;76;66,4;2,51;2,42;2,56;2,45;2,5;37,1;35,2;36,5;35,4;36,1;14;9;17,4;15,3;13,9;63;66;65;71;66,3;23,1;26,1;19,1;20,1;22,1;33,38;37,99;41,01;42,23;38,7;111,3;83,1;100,5;258,6;553,5;15,72;21,89;25,85;20,89;21,1;98,3;115,6;134,2;128,8;476,9
Jaboticabal;1994;7000;4004,9;27,1;27,3;24,9;24,6;26;7,2;11,96;14,34;16,48;12,5;34,2;54,1;70,6;81,3;60,1;3,05;2,78;2,45;2,03;2,6;40,4;40,2;36,2;31,3;37;14,7;16;15,3;16,6;15,7;58;62;70;77;66,8;25,7;24,3;21;14,8;21,5;33,33;37,96;40,99;42,22;38,6;2,4;128,7;156;238,5;525,6;21,18;21,54;22,78;23,13;22,2;110,7;127;125,1;127,1;489,9
Jaboticabal;1995;5600;3939,5;25,4;24,6;24,7;25;24,9;9,03;12,51;13,37;15,2;12,5;45,4;64,7;67,8;74,9;63,2;3,27;2,65;2,55;2,27;2,7;38,7;37,4;35,7;35,4;36,8;13,7;12,7;15,3;16,9;14,7;59;66;68;74;66,8;25;24,7;20,4;18,5;22,2;33,29;37,93;40,97;42,22;38,6;49,5;140,1;109,5;287,1;586,2;19,69;19,78;24,35;22,89;21,7;103,5;114,1;123,7;129;470,3
Jaboticabal;1996;4500;4329,5;22,3;25,4;23,5;24,2;23,9;11,11;13,12;14,4;16,54;13,8;65,8;64,6;76,4;83,2;72,5;3,12;2,59;2,68;1,73;2,5;35,4;36,4;34,3;31,5;34,4;10,5;16;15,3;16,3;14,5;67;65;76;83;72,8;24,9;20,4;19;15,2;19,9;33,42;38,03;41,02;42,24;38,7;122,7;138;231,9;251,7;744,3;19,13;22,42;21,76;20,86;21;91,4;118,1;118,2;125,1;452,8
Jaboticabal;1997;6030;3739,1;26,7;26,9;26,5;24,9;26,3;10,56;12,45;15,87;17,03;14;49,3;57;72,1;82,1;65,1;2,7;2,71;1,86;1,95;2,3;39,5;40,8;39,3;32,2;38;15,2;14;17,8;18,5;16,4;60;62;71;85;69,5;24,4;26,9;21,5;13,7;21,6;33,38;38;41,01;42,24;38,7;44,7;96;279;180,6;600,3;19,81;21,32;21,37;23,32;21,5;109,1;125,4;133,2;129;496,7
Jaboticabal;1998;5000;3436,6;25,6;24,9;25;24,4;25;10,56;13,37;13,79;16,3;13,5;53,1;67,1;68,3;81,4;67,5;2,9;2,66;2,27;1,95;2,4;38,3;37,7;35,3;34,3;36,4;13,7;15,3;16,5;15,8;15,3;60;66;69;80;68,8;24,6;22,4;18,8;18,5;21,1;33,35;37,98;41,01;42,25;38,6;64,2;167,7;111,3;289,8;633;17,93;19,15;24,88;22,07;21;104,6;115,9;125,6;126;472,1
Jaboticabal;1999;4000;3809,3;24,2;25,7;25;24,6;24,9;9,09;10,8;12,08;15,2;11,8;50,7;53,8;61,5;76,2;60,6;2,84;3,31;2,67;2,08;2,7;39,6;40,3;35,7;35,3;37,7;9,5;13,2;14,4;16,3;13,4;62;60;63;74;64,8;30,1;27,1;21,4;19;24,4;33,32;37,95;40,99;42,25;38,6;66,6;38,4;94,5;267,6;467,1;19,99;22,79;23,61;22,47;22,2;98,7;119,6;125,3;127,3;470,9
Jaboticabal;2000;5400;4084,3;22,7;27,7;24,7;24,1;24,8;12,15;11,96;14,77;16,11;13,7;69,1;53,4;74;81,9;69,6;2,55;2,31;2,02;1,95;2,2;34;40,2;36,1;31,5;35,5;12,6;15,1;17,2;16,1;15,3;69;62;70;80;70,3;21,3;25,1;18,9;15,4;20,2;33,44;38,07;41,06;42,28;38,7;118,8;42,9;225,3;215,1;602,1;18,07;23,63;23,14;22,4;21,8;92,9;129;124,1;124,7;470,7
Jaboticabal;2001;5000;4059,1;24,5;24,2;25,3;23,3;24,3;10,38;12,51;15,26;15,5;13,4;54,1;66,2;73,6;82,4;69,1;3,03;2,22;1,8;2,17;2,3;37,6;36,4;36,3;30;35,1;8,1;14,3;17,9;14,4;13,7;62;68;71;84;71,3;29,6;22,1;18,5;15,6;21,5;33,41;38,04;41,05;42,28;38,7;60,9;143,1;234,3;240,6;678,9;19,3;21,97;21,27;21,07;20,9;100,3;112,7;127,2;120,6;460,8
Jaboticabal;2002;4500;4154,8;22,9;29,2;25,2;24,5;25,5;10,13;10,74;15,2;16,66;13,2;58;44,6;73,4;82,6;64,7;2,68;2,39;2,27;2,12;2,4;35,9;41,4;36,3;32,1;36,4;5,8;18,1;14;18;14;62;60;70;83;68,8;30,2;23,4;22,4;14,1;22,5;33,37;38;41,02;42,28;38,7;63;65,4;189;258,9;576,3;17,63;22,78;20,98;22,31;20,9;93,6;136;126,6;126,9;483,1
Jaboticabal;2003;4700;4622,7;25,5;25,8;24,7;24,7;25,2;9,03;11,54;13,67;16,48;12,7;46,3;56,8;69;80,7;63,2;2,7;2,41;2,45;2,09;2,4;39,3;38,8;37,2;32,3;36,9;14,5;13,8;13,2;17,2;14,7;59;62;67;77;66,3;24,8;25;24;15,2;22,3;33,33;37,93;41;42,26;38,6;21,9;82,8;149,4;213,9;468;19,39;20,51;21,44;22,16;20,9;104,2;119,6;124;128;475,8
Jaboticabal;2004;4134;5122,2;27,3;24,2;24,9;23,8;25,1;7,75;12,51;14,04;15,62;12,5;36,8;65,7;70;80,9;63,4;2,7;2,95;2,42;1,81;2,5;40,6;37,8;35,6;30,8;36,2;15,5;10,8;15,1;15,1;14,1;59;66;69;80;68,5;25,1;27,1;20,6;15,8;22,2;33,45;38,05;41,05;42,27;38,7;13,2;125,1;174,9;225,9;539,1;21,24;18,22;21,68;22,41;20,9;111,7;112,7;125,1;123,2;472,7
Jaboticabal;2005;4700;4273,4;23,9;27,1;24,7;22,9;24,7;11,29;13,37;14,47;15,38;13,6;60,9;60,6;72,5;83,8;69,5;2,83;2,42;2,41;2,45;2,5;35,5;39,6;35;30,1;35,1;13,9;18,1;16,2;16,6;16,2;60;62;69;80;67,8;21,6;21,5;18,8;13,5;18,9;33,4;38,02;41,02;42,25;38,7;54,9;120;155,4;216,9;547,2;16,21;18,98;21,09;20,34;19,2;97,9;126,3;124;118,6;466,8
Jaboticabal;2006;4263;4462,6;23,5;23,9;24,3;24,2;24;10,25;14,16;14,65;16,91;14;57,2;74,1;73,9;85,1;72,6;2,66;2,23;2,3;1,97;2,3;36,4;35,4;35;30,8;34,4;6,3;13,9;12,5;19,5;13,1;61;70;71;88;72,5;30,2;21,5;22,5;11,3;21,4;33,36;37,98;41;42,24;38,6;63;144,3;201,6;309,3;718,2;18,44;21,08;22,78;19,12;20,4;96;111;122,1;125,1;454,2
Jaboticabal;2007;4800;3758,2;27,3;28;24,6;25,2;26,3;8;10,86;14,28;14,71;12;36,3;47,4;71,9;72;56,9;2,91;2,2;2,43;2,04;2,4;39;40,1;35,1;37,6;38;16,1;17,8;15,8;16,9;16,7;59;61;69;68;64,3;22,9;22,3;19,2;20,7;21,3;33,32;37,95;40,99;42,24;38,6;6,3;67,2;125,4;144;342,9;20,65;20,67;20,33;22,91;21,1;111,2;130,2;123,6;130,5;495,5
Jaboticabal;2008;4800;4304,3;24,2;26,3;25,7;24,6;25,2;8,36;13;13,49;14,83;12,4;47;61,4;65;74,7;62;2,92;2,37;2,29;1,91;2,4;38,7;39,2;36;35,5;37,4;10;15,7;17,2;15,3;14,6;59;62;63;74;64,5;28,7;23,4;18,8;20,2;22,8;33,44;38,04;41,04;42,25;38,7;22,2;71,4;109,8;318;521,4;20,26;18,82;22,83;22,25;21;99,2;122,6;129;127,1;477,9
Jaboticabal;2009;3500;4851,2;24;24,5;25,5;23,9;24,5;13,61;14,4;16,48;16,72;15,3;71,6;72,8;78,1;85,6;77;2,29;2,41;2,04;2,08;2,2;35,2;34,2;35,3;30,6;33,8;13,6;14,8;18,7;17,2;16,1;70;70;73;89;75,5;21,6;19,4;16,7;13,4;17,8;33,4;38,01;41,02;42,24;38,7;115,8;120,9;205,8;283,5;726;17,05;20,92;20,9;18,77;19,4;98,3;114,1;127,9;123,8;464,1
Jaboticabal;2010;3500;4774,3;26,1;24,2;25,1;24,9;25,1;9,16;12,76;13,67;16,48;13;44,9;66,2;67,6;79,8;64,6;3,01;2,38;2,16;1,93;2,4;38,8;36,4;35,4;33,1;35,9;14,9;12,4;16,1;17,6;15,3;59;67;67;73;66,5;24;24;19,3;15,4;20,7;33,37;37,98;41,01;42,25;38,7;77,4;90,9;122,4;186;476,7;17,74;21,43;23,12;21,76;21;106,6;112,5;126;129;474,1
Jaboticabal;2011;3150;4073,7;25,3;24,7;23,9;24,6;24,6;7,87;13,43;13;15,38;12,4;41,1;67,8;68,8;76,8;63,6;2,92;2,63;2,32;1,73;2,4;39,3;38,5;35,7;31,8;36,3;9,6;15,2;13;16,7;13,6;59;66;69;73;66,8;29,7;23,3;22,7;15,1;22,7;33,33;37,96;41,01;42,26;38,6;4,8;145,8;173,7;189;513,3;22,12;19,77;23,95;24,06;22,5;103,4;114,9;119,9;127,1;465,3
Jaboticabal;2012;4000;4874,8;25,5;27,3;25,6;25,6;26;8,67;12,57;14,4;16,78;13,1;45,1;55,8;68,9;78,3;62;2,75;2,47;2,38;1,62;2,3;38,8;40,2;35,4;34;37,1;7,8;14,7;15,3;19,4;14,3;61;62;67;72;65,5;31;25,5;20,1;14,6;22,8;33,47;38,07;41,06;42,27;38,7;76,2;61,5;159,9;171;468,6;20,22;22,92;22,75;21,39;21,8;104,4;127,4;128,5;132,6;492,9
Jaboticabal;2013;4000;4802,8;24,8;24,1;25,1;25,3;24,8;9,46;12,63;14,47;15,87;13,1;49,7;66,6;70,9;75,9;65,8;2,85;2,49;1,93;1,91;2,3;38,5;35,4;35,2;33,9;35,8;11,4;13,3;17,4;18,5;15,2;60;68;69;70;66,8;27;22,1;17,9;15,4;20,6;33,43;38,03;41,03;42,26;38,7;74,7;97,2;141,9;151,2;465;19,18;21,08;21,08;22,57;21;101,5;112;126,3;130,9;470,7
Jaboticabal;2014;8000;4933;26,3;27,5;25,3;24,3;25,9;9,64;9,46;14,59;15,81;12,4;45,8;43,3;70,8;79,7;59,9;2,77;2,68;2,13;2,14;2,4;38,3;41,9;36,4;31,9;37,1;14,8;13,5;15,7;17;15,3;59;59;66;74;64,5;23,4;28,4;20,7;14,9;21,9;33,38;37,99;41,03;42,27;38,7;38,4;35,7;180,6;143,7;398,4;19,58;23,72;20,97;21,42;21,4;107,6;128;127,2;125,9;488,7
Jaboticabal;2015;3000;4040,6;25,6;28,6;25,3;24,6;26;11,29;12,21;16,91;17,09;14,4;56,6;52,1;80,3;83,9;68,2;2,45;2,55;1,71;1,7;2,1;38,4;42,1;33,7;31,2;36,4;13,8;17,1;18,3;19,4;17,2;64;61;74;84;70,8;24,6;24,9;15,4;11,8;19,2;33,34;37,97;41,01;42,26;38,6;106,5;80,7;214,2;192;593,4;18,13;21,25;18,69;20,07;19,5;104,3;132,9;127;127,5;491,7
Jaboticabal;2016;3000;3976;25,2;25,9;24,6;24,9;25,2;8,85;12,82;14,47;15,99;13;46,8;60,9;72,5;77,9;64,5;2,87;2,69;2,15;1,98;2,4;38,9;37,4;34,6;33,6;36,1;12,5;12,4;12,4;16,3;13,4;59;63;69;72;65,8;26,4;25;22,2;17,3;22,7;33,46;38,06;41,05;42,26;38,7;5,7;106,5;134,4;155,1;401,7;20,74;21,84;22,14;22,59;21,8;103,2;120,6;123,8;128,7;476,3
Jaboticabal;2017;7700;4414,3;26,7;27,1;24,7;25;25,9;6,59;12,27;14,95;15,99;12,5;31,1;56;74,6;77,9;59,9;2,84;2,53;2,42;2,02;2,5;37,4;38,6;34,4;32;35,6;15,1;14,5;14,4;18,9;15,7;59;62;70;73;66;22,3;24,1;20;13,1;19,9;33,41;38,03;41,03;42,25;38,7;18,9;88,8;185,7;180;473,4;22,68;20,47;22,24;21,53;21,7;109,2;126,3;123,8;129,1;488,4
Jaboticabal;2018;7700;4355,9;25;25;23,9;25,2;24,8;10,38;15,2;15,93;15,75;14,3;53,3;74,3;81,8;76;71,4;2,42;2,27;2,44;1,84;2,2;37,7;36,2;31,3;33,6;34,7;11,1;14,6;17,5;15,8;14,8;61;70;80;73;71;26,5;21,6;13,8;17,8;19,9;33,37;37,99;41,01;42,24;38,7;60;172,5;241,2;112,8;586,5;18,06;20,04;19,81;24,23;20,5;102;116,4;120;130,1;468,5
Jaboticabal;2019;7700;3801,1;27,3;27,4;26,4;24,9;26,5;10,19;12,82;14,95;16,42;13,6;47,4;57;68,6;79,8;63,2;2,79;2,34;2,2;1,83;2,3;40,3;38,5;39,1;32,2;37,5;14,6;16,9;16,3;17,7;16,4;60;62;65;75;65,5;25,8;21,6;22,7;14,6;21,2;33,33;37,96;40,99;42,24;38,6;65,7;60,6;151,5;168;445,8;19,68;23,28;21,73;20,35;21,3;111,5;127,5;132,5;128,8;500,3
Jaboticabal;2020;7700;4000;28;28,6;26,4;25,9;27,2;8,36;11,78;11,84;15,56;11,9;37,3;50,3;55,5;72,9;54;2,49;2,77;2,38;1,8;2,4;41,4;42,7;40;38,3;40,6;16,5;17,6;13,4;19;16,6;59;60;61;66;61,5;24,9;25,1;26,6;19,2;24;33,46;38,06;41,05;42,26;38,7;12,3;55,2;51,9;159,6;279;20,58;19,99;25,27;20,87;21,7;114,8;133,4;132,9;134;515,1
Tupa;1984;6000;5304,6;21,4;26,1;25,9;24,7;24,5;10,13;12,15;13,98;15,32;12,9;63,1;57,8;66,3;76,3;65,9;2,48;2,51;2,39;1,93;2,3;33,9;37,1;38;32,9;35,5;9,1;11,5;15;16,5;13;48;45;45;52;47,5;24,8;25,6;23;16,4;22,5;33,41;38,02;41,02;42,24;38,7;81,6;44,7;124,5;262,2;513;18,03;22,4;23,38;20,4;21,1;87,5;121,6;130,1;127,9;467,1
Tupa;1985;6500;5236,5;24,3;27;26,8;27,7;26,5;9,28;9,77;12,45;13,06;11,1;50,9;45,2;57,8;56,9;52,7;2,82;2,37;2,34;2,14;2,4;37,5;39,7;41,3;40,4;39,7;12;14,2;14,8;16,3;14,3;41;39;44;42;41,5;25,5;25,5;26,5;24,2;25,4;33,37;37,98;41;42,23;38,6;29,1;37,5;102,9;121,2;290,7;19,3;23,25;24,72;25,59;23,2;99,1;125,8;134,3;143,1;502,3
Tupa;1986;6000;4654,3;22,4;24,4;27,2;24,7;24,7;10,31;10,68;12,88;15,99;12,5;61,4;56,8;57,1;79,5;63,7;2,97;2,68;2,55;1,68;2,5;35,4;38,1;38,8;31,5;36;11,7;10,1;10,4;17,3;12,4;45;43;42;58;47;23,7;28;28,3;14,2;23,6;33,32;37,96;40,99;42,23;38,6;36,3;58,8;122,7;267;484,8;17,74;22,07;23,27;20,84;21;91,5;113,4;136,4;127,7;469
Tupa;1987;4500;4783,4;21,9;24,7;25,3;25,5;24,4;11,05;13;14,16;15,2;13,4;66,7;66,3;69,2;72,5;68,7;2,93;2,36;2,47;2,05;2,5;35,7;36,3;37,5;33,8;35,8;9,6;10,3;15;15,4;12,6;46;47;50;49;48;26;26;22,5;18,4;23,2;33,29;37,93;40,98;42,23;38,6;84,6;100,2;187,8;155,1;527,7;16,18;20,26;24,02;23,51;21;89,3;114,8;127,2;131,9;463,2
Tupa;1988;3500;5044;24,8;24,5;24,3;27,3;25,2;8,97;11,72;12,57;13,61;11,7;48,5;61,2;64,9;60,8;58,9;3,02;2,86;2,57;2,15;2,7;40,1;36,8;34,6;38,3;37,5;12,2;13,6;11;17,1;13,5;40;45;48;43;44;27,9;23,2;23,6;21,2;24;33,43;38,04;41,04;42,25;38,7;23,4;219,6;66,6;160,2;469,8;17,78;18,85;24,19;22,13;20,7;101,4;113,9;122,3;141;478,6
Tupa;1989;2395;4891,4;21;22,5;24,2;24,3;23;11,96;10,8;13,31;15,08;12,8;73,9;63,3;68,8;77;70,8;2,68;2,86;2,36;2,45;2,6;33,6;33,8;33,7;34,3;33,9;8,3;10,8;12,7;14,4;11,6;54;46;48;55;50,8;25,4;23,1;21;19,9;22,4;33,38;38,02;41,03;42,26;38,7;103,5;58,5;165,3;283,2;610,5;17,37;22,94;22,6;20,19;20,8;85,8;104,7;121,4;125,9;437,8
Tupa;1990;2532;4859,8;19,9;24,6;25,8;25,8;24;10,31;13,67;15,62;14,89;13,6;70,4;69,3;73,2;69,9;70,7;2,98;2,38;1,91;2,16;2,4;33,3;35,7;34,7;34,1;34,5;6,8;12,6;16,1;14,3;12,5;51;52;51;50;51;26,5;23;18,7;19,7;22;33,36;37,98;41;42,25;38,6;115,2;98,1;152,1;151,5;516,9;16,26;21,73;22,72;22,96;20,9;81,1;114,6;129,6;133,7;459
Tupa;1991;2275;4749,6;23;24,5;26,7;25,3;24,9;9,64;12,27;12,33;15,81;12,5;55,5;64;56,9;76,1;63,1;2,91;2,62;2,3;2;2,5;35,3;36,1;36,8;35;35,8;13;13,4;16,2;16,9;14,9;41;46;42;51;45;22,4;22,6;20,6;18,1;20,9;33,31;37,93;41;42,22;38,6;38,4;93,9;69,9;219,6;421,8;17,91;19,76;23,36;23,1;21;93,9;113,9;133,8;131;472,6
Tupa;1992;3500;4917;20,5;23,5;23,9;25,4;23,3;12,21;14,22;14,1;14,28;13,7;78,9;76,2;74;69,2;74,6;2,55;2,26;2,16;2,14;2,3;29,7;32,2;32,2;34,2;32,1;11,6;13,8;12,6;15,7;13,4;55;52;52;48;51,8;18,1;18,4;19,7;18,5;18,7;33,43;38,03;41,03;42,25;38,7;185,4;115,5;147,3;62,1;510,3;13,56;19,98;21,81;24,56;20;83,9;109,6;120;131,1;444,6
Tupa;1993;2900;4833,2;22,5;24,9;26,6;25,8;25;12,39;13,24;12,94;15,62;13,5;71,5;66,7;59,8;73,1;67,8;2,42;2,41;2,59;2,32;2,4;33,8;34,6;37,8;34,3;35,1;12,1;10,1;15,1;15,6;13,2;50;48;45;47;47,5;21,8;24,5;22,7;18,7;21,9;33,38;37,99;41,01;42,23;38,7;95,1;54,9;87,3;180;417,3;15,3;21;24,3;20,55;20,3;91,8;115,6;133,6;133,5;474,5
Tupa;1994;4700;4800,7;25,9;26,7;26,3;26,4;26,3;8,73;13;13,67;15,62;12,8;43,9;59,4;62,9;71,3;59,4;2,91;2,72;2,29;2,2;2,5;39,6;39,5;37,2;34,5;37,7;12,4;15,9;14,6;18,5;15,4;39;42;44;45;42,5;27,2;23,6;22,6;16;22,4;33,33;37,96;40,99;42,22;38,6;19,5;100,2;114;167,4;401,1;19,02;20,47;23,07;23,24;21,5;105,7;124,1;132,2;136,3;498,3
Tupa;1995;2600;4670,5;24;23,1;25,5;25,9;24,6;9,77;12,27;13,12;14,47;12,4;53,4;68,6;64,1;68,8;63,7;3,2;2,54;2,31;2,09;2,5;37,2;35,7;36,6;36,7;36,6;12,3;12;14,2;15;13,4;41;49;45;48;45,8;24,9;23,6;22,4;21,7;23,2;33,29;37,93;40,97;42,22;38,6;64,8;160,2;85,2;206,1;516,3;18,42;18,86;24,53;23,97;21,4;97,9;107,2;127,8;134;466,9
Tupa;1996;2000;4576,1;22,1;25,2;24,5;25,8;24,4;11,05;13,31;14,16;16,48;13,8;66,9;65,9;71,9;77,2;70,5;2,82;2,45;2,56;1,73;2,4;34,7;34,8;33,3;33,5;34,1;9,1;13,5;14,4;18,2;13,8;47;46;50;51;48,5;25,6;21,3;19;15,3;20,3;33,42;38,03;41,02;42,24;38,7;119,7;135,6;164,7;219,9;639,9;18,73;20,93;21,79;21,94;20,8;90,2;117,1;123;133,3;463,6
Tupa;1997;2700;4134,7;24,9;25,3;25,9;26,1;25,6;11,96;13,43;16,3;16,6;14,6;60,3;66,1;76,1;76,6;69,8;2,36;2,6;2,02;1,97;2,2;36,8;37,6;37,3;34,3;36,5;13,8;13,7;15,8;17,1;15,1;45;48;53;52;49,5;23;23,9;21,5;17,2;21,4;33,38;38;41,01;42,24;38,7;67,8;124,5;224,7;99,9;516,9;19,7;19,81;19,73;23,13;20,6;101,7;117,7;130;134,7;484,1
Tupa;1998;3670;4348,6;22,8;23,6;25,1;25,2;24,2;12,57;14,1;13,37;15,99;14;71,6;75,4;66,4;77,4;72,7;2,74;2,61;2,27;1,79;2,4;34,5;33,3;34,9;34,7;34,4;12,7;14,4;15,5;15,3;14,5;53;54;48;56;52,8;21,8;18,9;19,4;19,4;19,9;33,35;37,98;41,01;42,25;38,6;133,8;113,1;43,2;324,6;614,7;16,1;19,65;25,32;23,3;21,1;93,2;109,9;125,9;130,5;459,5
Tupa;1999;4100;4353,1;22,7;24,5;24,7;26,1;24,5;10,07;10,93;11,05;14,65;11,7;58,8;57,6;57,8;68,3;60,6;2,77;3,15;2,56;2,23;2,7;36,7;39;36,8;36,6;37,3;10;12,9;13,6;16,2;13,2;45;43;44;48;45;26,7;26,1;23,2;20,5;24,1;33,32;37,95;40,99;42,25;38,6;28,8;47,4;71,7;195;342,9;20,1;22,92;24;22,72;22,4;92,7;113,8;123,8;135,2;465,5
Tupa;2000;3300;4701,3;21,9;26,7;25,3;25,2;24,8;12,39;12,63;14,71;15,5;13,8;73,5;58,7;71,6;75,3;69,8;2,6;2,3;2,09;1,91;2,2;32,8;38,8;36,3;34,3;35,6;11,1;12,7;16,6;15,1;13,9;52;44;48;51;48,8;21,8;26,1;19,7;19,2;21,7;33,44;38,07;41,06;42,28;38,7;138;52,8;208,8;154,5;554,1;17,24;22,46;24,01;22,12;21,5;89,8;124,4;127,2;130,3;471,7
Tupa;2001;3500;4076,7;23,5;24,3;25,7;24,2;24,4;10,93;12,33;15,32;15,01;13,4;59,9;64,9;72,3;77;68,5;2,85;2,17;1,83;2,06;2,2;35,4;36;35,3;32,6;34,8;6,1;13;15,7;12,6;11,9;44;48;48;54;48,5;29,3;23,1;19,6;20;23;33,41;38,04;41,05;42,28;38,7;49,2;117,9;193,8;188,1;549;19,58;21,38;20,76;21,85;20,9;96,1;113;129,4;125,3;463,8
Tupa;2002;3740;4422,5;21,8;28,9;25,6;26,1;25,6;10,31;12,02;14,83;16,48;13,4;61,9;49,8;70,3;75,8;64,5;2,57;2,5;2,53;1,92;2,4;35,2;40;36,8;35,2;36,8;4,6;17,5;14,6;18,5;13,8;45;41;45;51;45,5;30,6;22,5;22,2;16,8;23;33,38;38;41,02;42,28;38,7;69,6;35,7;156,9;151,5;413,7;17,94;21,66;21,71;23,81;21,3;89,1;134,4;128,8;135,2;487,5
Tupa;2003;3500;4373,9;22,5;24,7;25,1;25,7;24,5;10,31;11,96;12,94;16,6;13;61,6;61,8;64,1;77,9;66,4;2,41;2,55;2,58;2,11;2,4;36,9;36,4;38,4;33,7;36,4;10,8;12,3;12,5;16,4;13;45;43;44;51;45,8;26,2;24,1;25,9;17,3;23,4;33,33;37,94;41;42,26;38,6;53,1;84,3;103,2;188,4;429;18,94;20,4;22,11;23,13;21,1;91,7;114,6;126,1;132,8;465,2
Tupa;2004;3500;4254,2;25,5;23,4;24,4;24,7;24,5;9,4;12,82;14,47;14,77;12,9;48,1;69,4;73,9;74,4;66,5;2,5;2,69;2,15;1,97;2,3;39;35,8;34,2;33,1;35,5;13,8;10,4;13,9;16,4;13,6;41;48;53;51;48,3;25,3;25,3;20,4;16,7;21,9;33,45;38,05;41,05;42,27;38,7;18,6;195,9;160,2;160,8;535,5;21,09;18,28;22,81;23,38;21,4;104,4;109;122,5;127,7;463,6
Tupa;2005;2942;4343,8;21,8;25,2;25,5;24,8;24,3;11,41;15,01;13,49;14,77;13,7;69,1;73,4;65,6;73,3;70,4;2,78;2,07;2,67;2,58;2,5;33,8;35,2;37,1;33,2;34,8;9,8;17,6;15;15,9;14,6;46;49;45;46;46,5;24;17,6;22,1;17,4;20,3;33,4;38,02;41,02;42,25;38,7;113,7;158,4;58,8;118,8;449,7;15,89;19,06;23,01;21,9;20;89,1;117,4;127,8;128,5;462,8
Tupa;2006;2896;4339,9;22,8;25,5;26,9;25,5;25,2;10,19;13,98;13,18;16,97;13,6;58,1;67,8;58,9;80,4;66,3;2,7;2,25;2,44;2,02;2,4;36,6;37;38,4;35,6;36,9;4,9;15,6;14,4;18,7;13,4;42;45;41;56;46;31,7;21,4;24;16,9;23,5;33,36;37,98;41;42,24;38,6;62,4;108,6;57,9;324;552,9;18,68;21,46;22,61;20,57;20,8;93;118,4;135,2;132;478,6
Tupa;2007;3200;5120,7;24,3;26,3;24,4;25,7;25,2;10,5;12,33;14,4;14,4;12,9;55,9;57,8;73,3;68,8;64;2,78;2,37;2,51;1,96;2,4;36,8;37,1;33,2;36,7;36;13,7;15,3;14,7;16,5;15,1;45;42;51;46;46;23;21,8;18,5;20,2;20,9;33,32;37,95;40,99;42,24;38,6;11,1;49,2;165,3;123,6;349,2;20,89;20,82;21,01;23,82;21,6;99,2;122,4;122,4;133,1;477,1
Tupa;2008;3200;4195,6;21,8;25,7;25,2;26,5;24,8;9,09;13,31;13,79;13,55;12,4;57,8;64,8;68,6;62,3;63,4;2,83;2,37;2,27;2;2,4;37,4;38;34,9;37,9;37,1;9,7;14;15,3;16,5;13,9;42;45;47;42;44;27,7;24,1;19,6;21,4;23,2;33,44;38,04;41,04;42,25;38,7;33,6;118,2;98,4;107,7;357,9;19,97;19,82;23,79;24,11;21,9;89,2;119,6;126,4;137,3;472,5
Tupa;2009;3500;5211,8;23,1;23,7;25,7;24,8;24,3;14,28;14,83;17,4;17,27;15,9;78,5;78,3;81,6;84,8;80,8;2,28;2,34;2,03;2,14;2,2;32,6;32,5;33,7;31,8;32,7;12,4;13,2;19,1;17,1;15,5;57;59;59;64;59,8;20,2;19,2;14,6;14,7;17,2;33,4;38,01;41,02;42,24;38,7;149,1;192;207;234,9;783;17,56;20,49;21,37;19,04;19,6;94,6;110,3;129;128,3;462,2
Tupa;2010;1500;6417,7;23,5;23,3;25,3;26;24,5;10,31;12,57;12,45;16,05;12,8;57,8;68,6;61,4;74,4;65,6;2,71;2,24;2,33;1,91;2,3;36,4;35,2;35,8;35,1;35,6;13,3;11,8;14,9;16,6;14,2;44;49;44;46;45,8;23,1;23,4;20,9;18,5;21,5;33,37;37,99;41,01;42,25;38,7;148,8;85,2;69,9;130,5;434,4;16,81;21,32;23,9;21,23;20,8;96,1;108,4;126,9;134,5;465,9
Tupa;2011;3100;6218,4;23,9;24,6;24,8;27,2;25,1;8,73;13,37;12,27;12,94;11,8;49,3;68,3;62,1;57,9;59,4;2,8;2,61;2,34;1,98;2,4;38,5;37,7;36,2;37,9;37,6;8,8;13,5;11,9;17;12,8;40;46;45;42;43,3;29,7;24,3;24,3;20,9;24,8;33,33;37,96;41,01;42,26;38,6;13,2;153;78,6;116,1;360,9;22,13;19,39;25,06;25,56;23;97,4;114,2;124,6;140,5;476,7
Tupa;2012;3000;3770,2;24,2;27,1;27,1;26,3;26,2;9,77;12,88;13,24;17,09;13,2;53,4;57,7;58,9;77,6;61,9;2,75;2,47;2,4;1,8;2,4;38;40,7;37,6;37;38,3;8,2;15,3;16,1;20,3;15;44;43;42;51;45;29,8;25,4;21,5;16,7;23,4;33,47;38,07;41,06;42,27;38,7;91,2;35,1;94,2;228,3;448,8;20,11;22;23,42;22,18;21,9;99,1;126,1;136,1;136,3;497,6
Tupa;2013;1600;4367,5;22,8;23,6;26;27,7;25;10,25;12,94;13,55;14,28;12,8;59,9;69,8;63,8;61,2;63,7;2,73;2,38;2,47;2,08;2,4;35,9;33,8;36,9;38,1;36,2;8,1;12,3;16,1;19,2;13,9;44;50;43;41;44,5;27,8;21,5;20,8;18,9;22,3;33,43;38,03;41,03;42,26;38,7;89,1;111;62,7;86,7;349,5;19,21;21,35;21,83;23,09;21,4;93,2;110;130,7;143,2;477,1
Tupa;2014;4200;5242,5;25,2;26,4;25;25,1;25,4;10,99;11,05;14,89;15,99;13,2;55,9;52,8;73,3;78,2;65,1;2,77;2,42;2,02;2,26;2,4;37,8;40,8;33,7;32,7;36,3;13,5;12,2;15,5;16,9;14,5;41;43;48;52;46;24,2;28,6;18,2;15,7;21,7;33,39;37,99;41,03;42,27;38,7;120;57,3;180;186,6;543,9;19,01;23,35;21,48;22,11;21,5;102,9;122,8;125,6;129,7;481
Tupa;2015;4000;5305,5;24,9;26,2;25,3;25,1;25,4;12,21;14,53;17,33;17,52;15,4;62,4;68,2;83;84,8;74,6;2,27;2,3;1,8;1,81;2;37,4;38;32,3;31,7;34,9;13,1;16,4;17,5;18;16,3;46;47;59;63;53,8;24,3;21,7;14,8;13,6;18,6;33,34;37,97;41,01;42,26;38,6;136,8;132;316,8;255,3;840,9;17,98;20,31;18,64;18,71;18,9;101,6;121,8;127;129,8;480,2
Tupa;2016;9340;5146,8;20,1;23,4;24,7;25,2;23,4;10,8;13,67;14,4;15,93;13,7;72,4;73,6;72,2;76,9;73,8;2,17;2,44;2,05;1,95;2,2;32,8;34,7;33,4;34,1;33,8;7,3;11;12,8;16,3;11,9;59;53;50;52;53,5;25,5;23,7;20,6;17,9;21,9;33,46;38,06;41,05;42,26;38,7;28,2;103,2;62,1;150,9;344,4;19,95;21,69;23,09;22,18;21,7;82,4;109;124,4;130,6;446,4
Tupa;2017;6822;4511,6;24,5;25,6;24,3;25,3;24,9;9,28;13,73;14,89;16,3;13,6;50,6;66,7;76;78,4;67,9;2,52;2,41;2,41;2,09;2,4;36;37,7;33,9;33;35,2;13,3;12,6;14,2;18;14,5;44;48;53;53;49,5;22,7;25,1;19,8;15;20,7;33,41;38,03;41,03;42,25;38,7;17,1;178,5;195,3;204,6;595,5;22,37;20,44;23,43;22,11;22,1;100;119,1;122;130,9;472
Tupa;2018;4840;4825,2;23;24,5;24,6;26,4;24,6;11,78;15,62;15,87;15,75;14,8;66;78,6;79,4;71,6;73,9;2,26;2,2;2,49;1,67;2,2;34,1;33,3;32,9;34,5;33,7;9,6;13,5;16,2;14,7;13,5;46;56;55;49;51,5;24,5;19,9;16,7;19,8;20,2;33,38;37,99;41,01;42,24;38,7;106,5;214,5;163,5;90,3;574,8;18,35;20,29;20,65;24,77;21;94;113,9;123,4;136,6;467,9
Tupa;2019;6900;4142,9;26,2;28,5;27,7;26,2;27,2;10,86;12,02;13,43;16,05;13,1;52,8;50,3;58,1;74,1;58,8;2,71;2,27;2,38;1,77;2,3;39,7;39,5;39,9;35,5;38,7;14,7;16,5;17,2;18,4;16,7;41;40;41;48;42,5;25;23;22,7;17,1;22;33,33;37,96;40,99;42,24;38,6;51;53,4;103,2;152,7;360,3;19,34;22,82;22,48;21,52;21,5;107,1;132,7;139,1;135,4;514,3
Tupa;2020;5200;4025;27;27,8;27;26,8;27,2;9,95;12,21;11,41;15,44;12,3;46,8;53,7;51,9;68,9;55,3;2,46;2,52;2,33;1,82;2,3;42;43,4;39,5;35,7;40,2;15,1;16,4;13,8;19,3;16,2;40;41;40;44;41,3;26,9;27;25,6;16,5;24;33,46;38,06;41,05;42,26;38,7;9,3;78,3;44,1;136,5;268,2;21,15;20,83;26;22,86;22,7;110,5;129,7;135,9;138,8;514,9
Herculandia;1984;5000;5347,2;21,4;26,1;25,9;24,7;24,5;10,13;12,15;13,98;15,32;12,9;63,1;57,8;66,3;76,3;65,9;2,48;2,51;2,39;1,93;2,3;33,9;37,1;38;32,9;35,5;9,1;11,5;15;16,5;13;48;45;45;52;47,5;24,8;25,6;23;16,4;22,5;33,13;37,94;41,12;42,44;38,7;81,6;44,7;124,5;262,2;513;18,24;21,93;23,7;20,08;21;86,8;121,4;130,5;128,5;467,2
Herculandia;1985;5000;4844,6;24,3;27;26,8;27,7;26,5;9,28;9,77;12,45;13,06;11,1;50,9;45,2;57,8;56,9;52,7;2,82;2,37;2,34;2,14;2,4;37,5;39,7;41,3;40,4;39,7;12;14,2;14,8;16,3;14,3;41;39;44;42;41,5;25,5;25,5;26,5;24,2;25,4;33,08;37,9;41,1;42,43;38,6;29,1;37,5;102,9;121,2;290,7;19,17;23,35;26,2;25,99;23,7;98,3;125,5;134,6;143,8;502,2
Herculandia;1986;4500;4764,7;22,4;24,4;27,2;24,7;24,7;10,31;10,68;12,88;15,99;12,5;61,4;56,8;57,1;79,5;63,7;2,97;2,68;2,55;1,68;2,5;35,4;38,1;38,8;31,5;36;11,7;10,1;10,4;17,3;12,4;45;43;42;58;47;23,7;28;28,3;14,2;23,6;33,04;37,87;41,09;42,43;38,6;36,3;58,8;122,7;267;484,8;16,69;22,02;23,11;20,26;20,5;90,7;113,1;136,8;128,3;468,9
Herculandia;1987;4000;4689,7;21,9;24,7;25,3;25,5;24,4;11,05;13;14,16;15,2;13,4;66,7;66,3;69,2;72,5;68,7;2,93;2,36;2,47;2,05;2,5;35,7;36,3;37,5;33,8;35,8;9,6;10,3;15;15,4;12,6;46;47;50;49;48;26;26;22,5;18,4;23,2;33;37,84;41,08;42,43;38,6;84,6;100,2;187,8;155,1;527,7;16,06;19,1;23,34;23,23;20,4;88,5;114,5;127,5;132,5;463
Herculandia;1988;2750;5082,9;24,8;24,5;24,3;27,3;25,2;8,97;11,72;12,57;13,61;11,7;48,5;61,2;64,9;60,8;58,9;3,02;2,86;2,57;2,15;2,7;40,1;36,8;34,6;38,3;37,5;12,2;13,6;11;17,1;13,5;40;45;48;43;44;27,9;23,2;23,6;21,2;24;33,14;37,95;41,14;42,44;38,7;23,4;219,6;66,6;160,2;469,8;17,77;19,24;24,25;22,07;20,8;100,6;113,6;122,6;141,7;478,5
Herculandia;1989;2050;5003,4;21;22,5;24,2;24,3;23;11,96;10,8;13,31;15,08;12,8;73,9;63,3;68,8;77;70,8;2,68;2,86;2,36;2,45;2,6;33,6;33,8;33,7;34,3;33,9;8,3;10,8;12,7;14,4;11,6;54;46;48;55;50,8;25,4;23,1;21;19,9;22,4;33,1;37,93;41,13;42,46;38,7;103,5;58,5;165,3;283,2;610,5;16,92;22,88;22,25;21,16;20,8;85;104,4;121,7;126,5;437,6
Herculandia;1990;1800;4933,6;19,9;24,6;25,8;25,8;24;10,31;13,67;15,62;14,89;13,6;70,4;69,3;73,2;69,9;70,7;2,98;2,38;1,91;2,16;2,4;33,3;35,7;34,7;34,1;34,5;6,8;12,6;16,1;14,3;12,5;51;52;51;50;51;26,5;23;18,7;19,7;22;33,07;37,89;41,09;42,45;38,6;115,2;98,1;152,1;151,5;516,9;15,94;21,46;22,73;23,2;20,8;80,4;114,3;129,9;134,3;458,9
Herculandia;1991;1800;4800,6;23;24,5;26,7;25,3;24,9;9,64;12,27;12,33;15,81;12,5;55,5;64;56,9;76,1;63,1;2,91;2,62;2,3;2;2,5;35,3;36,1;36,8;35;35,8;13;13,4;16,2;16,9;14,9;41;46;42;51;45;22,4;22,6;20,6;18,1;20,9;33,03;37,84;41,09;42,42;38,6;38,4;93,9;69,9;219,6;421,8;17,46;20,56;23,62;21,87;20,9;93,1;113,6;134,1;131,6;472,4
Herculandia;1992;3100;4654,8;20,5;23,5;23,9;25,4;23,3;12,21;14,22;14,1;14,28;13,7;78,9;76,2;74;69,2;74,6;2,55;2,26;2,16;2,14;2,3;29,7;32,2;32,2;34,2;32,1;11,6;13,8;12,6;15,7;13,4;55;52;52;48;51,8;18,1;18,4;19,7;18,5;18,7;33,14;37,94;41,13;42,44;38,7;185,4;115,5;147,3;62,1;510,3;13,87;19,31;22,22;24,44;20;83,2;109,3;120,3;131,7;444,5
Herculandia;1993;1600;4731,4;22,5;24,9;26,6;25,8;25;12,39;13,24;12,94;15,62;13,5;71,5;66,7;59,8;73,1;67,8;2,42;2,41;2,59;2,32;2,4;33,8;34,6;37,8;34,3;35,1;12,1;10,1;15,1;15,6;13,2;50;48;45;47;47,5;21,8;24,5;22,7;18,7;21,9;33,1;37,9;41,11;42,43;38,6;95,1;54,9;87,3;180;417,3;15,15;20,13;25,07;20,73;20,3;91,1;115,3;134;134,1;474,5
Herculandia;1994;4494;4629,6;25,9;26,7;26,3;26,4;26,3;8,73;13;13,67;15,62;12,8;43,9;59,4;62,9;71,3;59,4;2,91;2,72;2,29;2,2;2,5;39,6;39,5;37,2;34,5;37,7;12,4;15,9;14,6;18,5;15,4;39;42;44;45;42,5;27,2;23,6;22,6;16;22,4;33,05;37,87;41,09;42,42;38,6;19,5;100,2;114;167,4;401,1;19,69;19,94;22,82;22,87;21,3;104,9;123,8;132,5;137;498,2
Herculandia;1995;3400;4679,6;24;23,1;25,5;25,9;24,6;9,77;12,27;13,12;14,47;12,4;53,4;68,6;64,1;68,8;63,7;3,2;2,54;2,31;2,09;2,5;37,2;35,7;36,6;36,7;36,6;12,3;12;14,2;15;13,4;41;49;45;48;45,8;24,9;23,6;22,4;21,7;23,2;33;37,84;41,07;42,41;38,6;64,8;160,2;85,2;206,1;516,3;17,91;19,6;24,45;23,79;21,4;97,1;106,9;128,1;134,6;466,7
Herculandia;1996;3200;4690,7;22,1;25,2;24,5;25,8;24,4;11,05;13,31;14,16;16,48;13,8;66,9;65,9;71,9;77,2;70,5;2,82;2,45;2,56;1,73;2,4;34,7;34,8;33,3;33,5;34,1;9,1;13,5;14,4;18,2;13,8;47;46;50;51;48,5;25,6;21,3;19;15,3;20,3;33,14;37,94;41,12;42,43;38,7;119,7;135,6;164,7;219,9;639,9;18,32;20,69;22,48;20,37;20,5;89,5;116,8;123,3;133,9;463,5
Herculandia;1997;4600;4295,2;24,9;25,3;25,9;26,1;25,6;11,96;13,43;16,3;16,6;14,6;60,3;66,1;76,1;76,6;69,8;2,36;2,6;2,02;1,97;2,2;36,8;37,6;37,3;34,3;36,5;13,8;13,7;15,8;17,1;15,1;45;48;53;52;49,5;23;23,9;21,5;17,2;21,4;33,09;37,92;41,11;42,44;38,6;67,8;124,5;224,7;99,9;516,9;18,71;19,68;19,18;23,05;20,2;100,9;117,4;130,3;135,4;484
Herculandia;1998;5150;4849,3;22,8;23,6;25,1;25,2;24,2;12,57;14,1;13,37;15,99;14;71,6;75,4;66,4;77,4;72,7;2,74;2,61;2,27;1,79;2,4;34,5;33,3;34,9;34,7;34,4;12,7;14,4;15,5;15,3;14,5;53;54;48;56;52,8;21,8;18,9;19,4;19,4;19,9;33,06;37,9;41,11;42,45;38,6;133,8;113,1;43,2;324,6;614,7;15,13;19,71;24,96;22,89;20,7;92,4;109,7;126,2;131,1;459,4
Herculandia;1999;5000;4386,3;22,7;24,5;24,7;26,1;24,5;10,07;10,93;11,05;14,65;11,7;58,8;57,6;57,8;68,3;60,6;2,77;3,15;2,56;2,23;2,7;36,7;39;36,8;36,6;37,3;10;12,9;13,6;16,2;13,2;45;43;44;48;45;26,7;26,1;23,2;20,5;24,1;33,03;37,86;41,09;42,45;38,6;28,8;47,4;71,7;195;342,9;19,86;22,44;23,48;21,75;21,9;91,9;113,5;124,1;135,8;465,3
Herculandia;2000;4200;4327,3;21,9;26,7;25,3;25,2;24,8;12,39;12,63;14,71;15,5;13,8;73,5;58,7;71,6;75,3;69,8;2,6;2,3;2,09;1,91;2,2;32,8;38,8;36,3;34,3;35,6;11,1;12,7;16,6;15,1;13,9;52;44;48;51;48,8;21,8;26,1;19,7;19,2;21,7;33,16;37,98;41,16;42,47;38,7;138;52,8;208,8;154,5;554,1;16,38;22,04;23,43;22,21;21;89,1;124,1;127,5;130,8;471,5
Herculandia;2001;3800;4069,7;23,5;24,3;25,7;24,2;24,4;10,93;12,33;15,32;15,01;13,4;59,9;64,9;72,3;77;68,5;2,85;2,17;1,83;2,06;2,2;35,4;36;35,3;32,6;34,8;6,1;13;15,7;12,6;11,9;44;48;48;54;48,5;29,3;23,1;19,6;20;23;33,13;37,95;41,15;42,48;38,7;49,2;117,9;193,8;188,1;549;19,04;22,34;21,32;21,97;21,2;95,3;112,7;129,7;125,9;463,6
Herculandia;2002;4400;4146,7;21,8;28,9;25,6;26,1;25,6;10,31;12,02;14,83;16,48;13,4;61,9;49,8;70,3;75,8;64,5;2,57;2,5;2,53;1,92;2,4;35,2;40;36,8;35,2;36,8;4,6;17,5;14,6;18,5;13,8;45;41;45;51;45,5;30,6;22,5;22,2;16,8;23;33,09;37,91;41,12;42,48;38,7;69,6;35,7;156,9;151,5;413,7;18,57;20,6;20,76;23,68;20,9;88,3;134,1;129,1;135,9;487,4
Herculandia;2003;3800;4253,4;22,5;24,7;25,1;25,7;24,5;10,31;11,96;12,94;16,6;13;61,6;61,8;64,1;77,9;66,4;2,41;2,55;2,58;2,11;2,4;36,9;36,4;38,4;33,7;36,4;10,8;12,3;12,5;16,4;13;45;43;44;51;45,8;26,2;24,1;25,9;17,3;23,4;33,05;37,85;41,1;42,45;38,6;53,1;84,3;103,2;188,4;429;18,72;20,39;21,96;22,96;21;90,9;114,3;126,4;133,4;465
Herculandia;2004;3400;4679,3;25,5;23,4;24,4;24,7;24,5;9,4;12,82;14,47;14,77;12,9;48,1;69,4;73,9;74,4;66,5;2,5;2,69;2,15;1,97;2,3;39;35,8;34,2;33,1;35,5;13,8;10,4;13,9;16,4;13,6;41;48;53;51;48,3;25,3;25,3;20,4;16,7;21,9;33,17;37,97;41,15;42,46;38,7;18,6;195,9;160,2;160,8;535,5;20,45;18,44;22,58;22,82;21,1;103,5;108,8;122,8;128,3;463,4
Herculandia;2005;1942;5620,5;21,8;25,2;25,5;24,8;24,3;11,41;15,01;13,49;14,77;13,7;69,1;73,4;65,6;73,3;70,4;2,78;2,07;2,67;2,58;2,5;33,8;35,2;37,1;33,2;34,8;9,8;17,6;15;15,9;14,6;46;49;45;46;46,5;24;17,6;22,1;17,4;20,3;33,12;37,93;41,13;42,45;38,7;113,7;158,4;58,8;118,8;449,7;15,26;17,24;23,71;22,64;19,7;88,3;117,1;128,2;129,1;462,7
Herculandia;2006;2680;3825,2;22,8;25,5;26,9;25,5;25,2;10,19;13,98;13,18;16,97;13,6;58,1;67,8;58,9;80,4;66,3;2,7;2,25;2,44;2,02;2,4;36,6;37;38,4;35,6;36,9;4,9;15,6;14,4;18,7;13,4;42;45;41;56;46;31,7;21,4;24;16,9;23,5;33,08;37,89;41,1;42,44;38,6;62,4;108,6;57,9;324;552,9;18,25;21,24;22,13;21;20,7;92,2;118,1;135,6;132,6;478,5
Herculandia;2007;2665;3722,7;24,3;26,3;24,4;25,7;25,2;10,5;12,33;14,4;14,4;12,9;55,9;57,8;73,3;68,8;64;2,78;2,37;2,51;1,96;2,4;36,8;37,1;33,2;36,7;36;13,7;15,3;14,7;16,5;15,1;45;42;51;46;46;23;21,8;18,5;20,2;20,9;33,03;37,86;41,08;42,44;38,6;11,1;49,2;165,3;123,6;349,2;20,46;20,66;22,19;23,25;21,6;98,4;122,1;122,6;133,7;476,8
Herculandia;2008;2484;4842,3;21,8;25,7;25,2;26,5;24,8;9,09;13,31;13,79;13,55;12,4;57,8;64,8;68,6;62,3;63,4;2,83;2,37;2,27;2;2,4;37,4;38;34,9;37,9;37,1;9,7;14;15,3;16,5;13,9;42;45;47;42;44;27,7;24,1;19,6;21,4;23,2;33,16;37,96;41,14;42,45;38,7;33,6;118,2;98,4;107,7;357,9;19,82;19,5;23,2;24,98;21,9;88,4;119,4;126,7;137,9;472,4
Herculandia;2009;2700;5094,2;23,1;23,7;25,7;24,8;24,3;14,28;14,83;17,4;17,27;15,9;78,5;78,3;81,6;84,8;80,8;2,28;2,34;2,03;2,14;2,2;32,6;32,5;33,7;31,8;32,7;12,4;13,2;19,1;17,1;15,5;57;59;59;64;59,8;20,2;19,2;14,6;14,7;17,2;33,12;37,93;41,12;42,44;38,7;149,1;192;207;234,9;783;16,94;19,84;20,84;19,64;19,3;93,8;110;129,4;128,9;462,1
Herculandia;2010;1200;6247,7;23,5;23,3;25,3;26;24,5;10,31;12,57;12,45;16,05;12,8;57,8;68,6;61,4;74,4;65,6;2,71;2,24;2,33;1,91;2,3;36,4;35,2;35,8;35,1;35,6;13,3;11,8;14,9;16,6;14,2;44;49;44;46;45,8;23,1;23,4;20,9;18,5;21,5;33,09;37,9;41,11;42,44;38,6;148,8;85,2;69,9;130,5;434,4;16,9;20,93;23,7;20,94;20,6;95,3;108,1;127,2;135,1;465,7
Herculandia;2011;2250;6022,9;23,9;24,6;24,8;27,2;25,1;8,73;13,37;12,27;12,94;11,8;49,3;68,3;62,1;57,9;59,4;2,8;2,61;2,34;1,98;2,4;38,5;37,7;36,2;37,9;37,6;8,8;13,5;11,9;17;12,8;40;46;45;42;43,3;29,7;24,3;24,3;20,9;24,8;33,05;37,88;41,11;42,46;38,6;13,2;153;78,6;116,1;360,9;21,8;19,63;24,33;25,51;22,8;96,6;113,9;124,9;141,2;476,6
Herculandia;2012;1547;5151,2;24,2;27,1;27,1;26,3;26,2;9,77;12,88;13,24;17,09;13,2;53,4;57,7;58,9;77,6;61,9;2,75;2,47;2,4;1,8;2,4;38;40,7;37,6;37;38,3;8,2;15,3;16,1;20,3;15;44;43;42;51;45;29,8;25,4;21,5;16,7;23,4;33,19;37,98;41,16;42,47;38,7;91,2;35,1;94,2;228,3;448,8;20;21,16;22,59;21,98;21,4;98,2;125,8;136,4;137;497,4
Herculandia;2013;1490;5085,7;22,8;23,6;26;27,7;25;10,25;12,94;13,55;14,28;12,8;59,9;69,8;63,8;61,2;63,7;2,73;2,38;2,47;2,08;2,4;35,9;33,8;36,9;38,1;36,2;8,1;12,3;16,1;19,2;13,9;44;50;43;41;44,5;27,8;21,5;20,8;18,9;22,3;33,15;37,94;41,13;42,46;38,7;89,1;111;62,7;86,7;349,5;18,01;20,86;21,47;23,54;21;92,4;109,7;131;143,9;477
Herculandia;2014;4500;3580,8;25,2;26,4;25;25,1;25,4;10,99;11,05;14,89;15,99;13,2;55,9;52,8;73,3;78,2;65,1;2,77;2,42;2,02;2,26;2,4;37,8;40,8;33,7;32,7;36,3;13,5;12,2;15,5;16,9;14,5;41;43;48;52;46;24,2;28,6;18,2;15,7;21,7;33,1;37,9;41,13;42,46;38,6;120;57,3;180;186,6;543,9;17,8;23,59;21,06;21,75;21,1;102;122,5;125,9;130,3;480,7
Herculandia;2015;4850;4401,6;24,9;26,2;25,3;25,1;25,4;12,21;14,53;17,33;17,52;15,4;62,4;68,2;83;84,8;74,6;2,27;2,3;1,8;1,81;2;37,4;38;32,3;31,7;34,9;13,1;16,4;17,5;18;16,3;46;47;59;63;53,8;24,3;21,7;14,8;13,6;18,6;33,06;37,88;41,11;42,46;38,6;136,8;132;316,8;255,3;840,9;17,52;19,54;17,32;18,12;18,1;100,8;121,5;127,3;130,4;480
Herculandia;2016;7750;4455,5;20,1;23,4;24,7;25,2;23,4;10,8;13,67;14,4;15,93;13,7;72,4;73,6;72,2;76,9;73,8;2,17;2,44;2,05;1,95;2,2;32,8;34,7;33,4;34,1;33,8;7,3;11;12,8;16,3;11,9;59;53;50;52;53,5;25,5;23,7;20,6;17,9;21,9;33,18;37,98;41,15;42,45;38,7;28,2;103,2;62,1;150,9;344,4;19,79;21,15;23,16;21,56;21,4;81,7;108,8;124,7;131,1;446,3
Herculandia;2017;3800;4945,6;24,5;25,6;24,3;25,3;24,9;9,28;13,73;14,89;16,3;13,6;50,6;66,7;76;78,4;67,9;2,52;2,41;2,41;2,09;2,4;36;37,7;33,9;33;35,2;13,3;12,6;14,2;18;14,5;44;48;53;53;49,5;22,7;25,1;19,8;15;20,7;33,13;37,94;41,13;42,45;38,7;17,1;178,5;195,3;204,6;595,5;21,88;19,24;22,6;20,94;21,2;99,2;118,8;122,3;131,5;471,8
Herculandia;2018;3800;5172,2;23;24,5;24,6;26,4;24,6;11,78;15,62;15,87;15,75;14,8;66;78,6;79,4;71,6;73,9;2,26;2,2;2,49;1,67;2,2;34,1;33,3;32,9;34,5;33,7;9,6;13,5;16,2;14,7;13,5;46;56;55;49;51,5;24,5;19,9;16,7;19,8;20,2;33,09;37,9;41,11;42,44;38,6;106,5;214,5;163,5;90,3;574,8;17,83;19,52;20,91;24,79;20,8;93,2;113,6;123,7;137,2;467,7
Herculandia;2019;6390;4648,6;26,2;28,5;27,7;26,2;27,2;10,86;12,02;13,43;16,05;13,1;52,8;50,3;58,1;74,1;58,8;2,71;2,27;2,38;1,77;2,3;39,7;39,5;39,9;35,5;38,7;14,7;16,5;17,2;18,4;16,7;41;40;41;48;42,5;25;23;22,7;17,1;22;33,05;37,87;41,09;42,44;38,6;51;53,4;103,2;152,7;360,3;18,81;23,17;22,92;21,52;21,6;106,2;132,3;139,4;136,1;514
Herculandia;2020;5800;4000;27;27,8;27;26,8;27,2;9,95;12,21;11,41;15,44;12,3;46,8;53,7;51,9;68,9;55,3;2,46;2,52;2,33;1,82;2,3;42;43,4;39,5;35,7;40,2;15,1;16,4;13,8;19,3;16,2;40;41;40;44;41,3;26,9;27;25,6;16,5;24;33,18;37,97;41,15;42,46;38,7;9,3;78,3;44,1;136,5;268,2;20,73;20,82;26,12;22,65;22,6;109,6;129,4;136,2;139,5;514,7
Pompeia;1984;3800;4904,9;20,9;25,7;25,5;24,4;24,1;10,13;12,08;13,73;15,01;12,7;65;59,1;66,6;76,4;66,8;1,67;1,73;1,64;1,31;1,6;33;37,3;37,8;33,7;35,5;8,8;11;14,4;16;12,6;49;45;45;52;47,8;24,2;26,3;23,4;17,7;22,9;33,13;37,94;41,12;42,44;38,7;82,5;43,8;119,4;240,9;486,6;18,24;21,93;23,7;20,08;21;84,8;119,5;128,5;126,9;459,7
Pompeia;1985;2400;4996,5;23,7;26,4;26,1;26,9;25,8;9,4;9,83;12,39;13,18;11,2;53,4;47,4;59,5;59,9;55,1;1,91;1,61;1,56;1,38;1,6;37;39;41,3;40;39,3;11,4;13,7;14,2;15,5;13,7;42;40;44;44;42,5;25,5;25,3;27,1;24,6;25,6;33,08;37,9;41,1;42,43;38,6;31,8;38,1;110,7;126,9;307,5;19,17;23,35;26,2;25,99;23,7;95,9;122,3;131,5;139,7;489,4
Pompeia;1986;2600;4701,2;21,9;23,8;26,5;24,4;24,2;10,25;10,68;12,94;15,69;12,4;62,9;58,8;59,5;79,6;65,2;1,99;1,82;1,7;1,1;1,7;35,1;38,1;37,4;31,7;35,6;11,5;9,6;10,3;17;12,1;46;45;43;58;48;23,6;28,5;27,2;14,7;23,5;33,04;37,87;41,09;42,43;38,6;35,7;58,2;122,1;273,3;489,3;16,69;22,02;23,11;20,26;20,5;88,7;110,5;133,2;126,6;459
Pompeia;1987;2900;4362,9;21,4;24,2;24,9;25,1;23,9;11,05;12,88;13,98;15,14;13,3;68,8;67,6;70,1;73,8;70,1;2,03;1,66;1,66;1,35;1,7;35,6;37,2;37,9;33,6;36,1;10,2;10,2;14,6;15;12,5;47;48;52;52;49,8;25,4;27;23,3;18,6;23,6;33;37,84;41,08;42,43;38,6;84,6;100,2;191,4;158,4;534,6;16,06;19,1;23,34;23,23;20,4;86,5;112,3;125,4;130,5;454,7
Pompeia;1988;2400;4819,3;24,3;24,1;24,1;26,6;24,8;9,03;11,78;12,39;13,73;11,7;50,4;62,5;65,4;63,6;60,5;2,09;1,93;1,73;1,42;1,8;39,9;36,5;35;38,1;37,4;11,9;13,7;10,7;16,2;13,1;41;45;48;45;44,8;28;22,7;24,3;21,9;24,2;33,14;37,95;41,14;42,44;38,7;21,9;216;66;166,5;470,4;17,77;19,24;24,25;22,07;20,8;98,4;112,1;121,2;138;469,7
Pompeia;1989;2700;5023,3;20,7;22;23,7;23,9;22,6;11,84;10,93;13,18;14,83;12,7;74,4;65,8;69,9;77,5;71,9;1,8;1,92;1,58;1,65;1,7;33,4;33,4;33,3;34,3;33,6;7,5;10,4;11,6;13,8;10,8;55;48;50;55;52;25,9;23,1;21,7;20,6;22,8;33,1;37,93;41,13;42,46;38,7;101,1;60,6;163,5;279,9;605,1;16,92;22,88;22,25;21,16;20,8;84;102;119,2;124,5;429,7
Pompeia;1990;2950;4592,7;19,6;24,3;25,6;25,4;23,7;10,19;13,43;15,38;14,65;13,4;70,9;70;73,4;70,5;71,2;1,96;1,63;1,28;1,43;1,6;33,6;35,7;35,7;35;35;6,6;12,1;15,6;13,5;12;52;52;52;52;52;27;23,5;20,1;21,5;23;33,07;37,89;41,09;42,45;38,6;103,8;101,4;146,4;159,6;511,2;15,94;21,46;22,73;23,2;20,8;79,2;112,6;128,6;132,2;452,6
Pompeia;1991;2800;4707,3;22,1;24,1;26;24,9;24,3;9,83;12,27;12,45;15,56;12,5;60;65,8;59,8;77,1;65,7;1,97;1,77;1,58;1,31;1,7;34,7;36,1;36,3;35,2;35,6;12,1;12,9;15,4;15,7;14;44;48;44;52;47;22,6;23,2;20,9;19,6;21,6;33,03;37,84;41,09;42,42;38,6;37,8;100,8;69,9;216,9;425,4;17,46;20,56;23,62;21,87;20,9;89,2;111,5;130,8;129,1;460,6
Pompeia;1992;3100;5003,9;20,2;23,1;23,5;24,9;22,9;12,08;14,1;13,92;14,1;13,6;79,1;77,3;74,6;70,6;75,4;1,74;1,56;1,48;1,45;1,6;29,9;32,6;32,6;34,1;32,3;11,4;13,3;12,7;14,5;13;55;53;54;50;53;18,6;19,3;20;19,6;19,4;33,14;37,94;41,13;42,44;38,7;174,9;122,1;150,6;68,4;516;13,87;19,31;22,22;24,44;20;82,1;107,4;118,6;129,2;437,3
Pompeia;1993;2600;4726,5;21,9;24,2;26,2;25,5;24,5;12,33;13,31;13,18;15,5;13,6;73,4;69,4;62,2;74,2;69,8;1,63;1,55;1,67;1,53;1,6;33,3;34,4;37,3;35;35;11,5;9,5;15,4;15,4;13;53;51;47;49;50;21,8;24,9;21,9;19,6;22,1;33,1;37,9;41,11;42,43;38,6;108,6;54;84,3;183,6;430,5;15,15;20,13;25,07;20,73;20,3;88,8;112,3;131,7;132,2;465
Pompeia;1994;3200;4809,7;25,2;26,3;25,9;26;25,9;8,67;12,76;13,61;15,56;12,7;45,6;59,9;63,9;72,7;60,5;2,02;1,82;1,54;1,42;1,7;39;39,3;37,4;35,5;37,8;11,9;15,3;14,2;17,9;14,8;40;42;45;47;43,5;27,1;24;23,2;17,6;23;33,05;37,87;41,09;42,42;38,6;15,6;105,9;118,5;182,1;422,1;19,69;19,94;22,82;22,87;21,3;102;121,8;130,3;134,8;488,9
Pompeia;1995;2484;4549,4;23,2;22,9;25;25,4;24,1;10,07;12,15;13;14,34;12,4;57,4;69,1;65,3;70,3;65,5;2,16;1,72;1,59;1,41;1,7;36,7;36,2;37,1;36,6;36,7;11,6;11,3;13,9;14,1;12,7;42;49;46;49;46,5;25,1;24,8;23,2;22,4;23,9;33;37,84;41,07;42,41;38,6;66,9;151,2;82,5;208,2;508,8;17,91;19,6;24,45;23,79;21,4;93,7;105,9;125,8;131,8;457,2
Pompeia;1996;1900;4771,5;21,6;24,6;24,1;25,6;24;10,93;13,12;13,73;16,24;13,5;67,9;67,1;71,5;77,3;71;1,95;1,69;1,78;1,15;1,6;34,9;34,7;33,7;34,9;34,6;9,2;12,7;14,1;17,8;13,5;48;47;50;52;49,3;25,8;22;19,6;17,1;21,1;33,14;37,94;41,12;42,43;38,7;123,3;139,2;159,6;222;644,1;18,32;20,69;22,48;20,37;20,5;87,7;114,3;121,4;132,7;456,1
Pompeia;1997;2321;4277,8;24,2;24,9;25,6;25,8;25,1;11,78;13,24;15,99;16,42;14,4;62,5;66,6;76,4;76,9;70,6;1,65;1,75;1,36;1,3;1,5;36,5;38,1;38,2;34,7;36,9;13,6;12,9;15;16,9;14,6;47;49;54;53;50,8;22,9;25,2;23,3;17,8;22,3;33,09;37,92;41,11;42,44;38,6;66;123;222,9;98,7;510,6;18,71;19,68;19,18;23,05;20,2;97,9;115,8;128,6;134;476,3
Pompeia;1998;2600;4675;22,5;23,4;24,6;25;23,9;12,39;13,85;13,18;15,81;13,8;71,6;75,3;67,5;77,6;73;1,84;1,8;1,55;1,16;1,6;34,6;33,7;34,9;34,7;34,5;12,2;13,8;14,9;14,7;13,9;54;55;49;57;53,8;22,4;19,9;20;20;20,6;33,06;37,9;41,11;42,45;38,6;124,2;117,6;41,1;303,3;586,2;15,13;19,71;24,96;22,89;20,7;91,2;108,4;123,7;129,9;453,2
Pompeia;1999;2300;4721;22,2;23,9;24,1;25,7;24;10,07;10,93;11,05;14,47;11,6;61;60,1;59,9;69,4;62,6;1,88;2,16;1,72;1,48;1,8;36,1;38,6;36,4;36;36,8;9,1;12;13,3;15,5;12,5;47;44;45;48;46;27;26,6;23,1;20,5;24,3;33,03;37,86;41,09;42,45;38,6;33,3;47,4;69,6;191,1;341,4;19,86;22,44;23,48;21,75;21,9;89,9;110,6;121,4;133,5;455,4
Pompeia;2000;2100;4451,7;21,7;26,4;24,9;24,9;24,5;12,15;12,51;14,59;15,32;13,6;73,3;59,2;72,6;75,6;70,2;1,75;1,56;1,41;1,31;1,5;32,9;38,9;36,2;34,2;35,6;10,5;12,8;15,9;14,9;13,5;52;45;49;52;49,5;22,4;26;20,3;19,4;22;33,16;37,98;41,16;42,47;38,7;144,3;50,4;214,5;147,9;557,1;16,38;22,04;23,43;22,21;21;87,9;123;125,5;129,5;465,9
Pompeia;2001;2800;4219,8;23;23,8;25,5;23,9;24,1;10,99;12,27;15,01;14,83;13,3;62,1;66,4;72,1;77,8;69,6;1,92;1,48;1,26;1,37;1,5;34,8;36,2;36,2;33,2;35,1;6,3;12,8;15,1;12;11,6;45;48;48;55;49;28,6;23,5;21,1;21,2;23,6;33,13;37,95;41,15;42,48;38,7;46,5;125,4;191,7;193,2;556,8;19,04;22,34;21,32;21,97;21,2;93,1;110,5;128,2;124,1;455,9
Pompeia;2002;1400;4087,2;21,4;28,2;25,4;25,9;25,2;10,38;11,9;14,71;16,11;13,3;63,6;51,4;70,8;75,3;65,3;1,73;1,66;1,63;1,27;1,6;34,9;39,7;37,1;35,8;36,9;3,6;16,6;14,3;17,3;13;46;41;45;51;45,8;31,3;23,1;22,8;18,4;23,9;33,09;37,91;41,12;42,48;38,7;68,7;31,2;159,9;153;412,8;18,57;20,6;20,76;23,68;20,9;86,7;131;127,8;134,9;480,4
Pompeia;2003;1400;4680,7;22,3;24,3;24,6;25,4;24,2;10,25;11,84;13;16,36;12,9;62,4;62,6;66,5;78,1;67,4;1,66;1,7;1,7;1,39;1,6;37,1;36,9;38,3;33,9;36,6;10,8;11,8;12,1;16;12,7;45;44;45;52;46,5;26,3;25,1;26,2;17,9;23,9;33,05;37,85;41,1;42,45;38,6;45,9;89,4;118,8;191,1;445,2;18,72;20,39;21,96;22,96;21;90,1;112,6;123,9;131,9;458,5
Pompeia;2004;1000;4338,1;24,9;23;24,2;24,4;24,1;9,52;12,63;14,1;14,65;12,7;50,8;70,4;73,2;75,1;67,4;1,73;1,78;1,45;1,3;1,6;38,7;35,6;35,1;33,4;35,7;13,2;10,1;13,1;15,7;13;43;49;52;52;49;25,5;25,5;22;17,7;22,7;33,17;37,97;41,15;42,46;38,7;16,8;187,5;160,2;162,9;527,4;20,45;18,44;22,58;22,82;21,1;101,3;106,8;122;126,8;456,9
Pompeia;2005;1644;4251,3;21,7;25,1;25,1;24,2;24;11,35;14,65;13,43;14,65;13,5;69,3;72,4;66,9;75,3;71;1,84;1,45;1,77;1,67;1,7;33,7;35,9;36,8;33;34,9;9,8;17,1;14,8;15,5;14,3;46;48;45;48;46,8;23,9;18,8;22,1;17,4;20,6;33,12;37,93;41,13;42,45;38,7;101,7;157,5;63,6;131,1;453,9;15,26;17,24;23,71;22,64;19,7;87,9;116,5;126,2;125,8;456,4
Pompeia;2006;1700;4233;22,5;25;26,3;25,3;24,8;10,07;13,67;13,18;16,66;13,4;58,9;68,2;60,8;80,1;67;1,82;1,54;1,63;1,35;1,6;37;36,9;38,3;34,9;36,8;4,6;14,7;12,9;18,6;12,7;42;45;41;55;45,8;32,4;22,2;25,4;16,3;24,1;33,08;37,89;41,1;42,44;38,6;62,7;109,2;58,5;309,3;539,7;18,25;21,24;22,13;21;20,7;91;116,1;132,2;131,2;470,5
Pompeia;2007;1900;4016,2;23,9;25,9;24;25,3;24,8;10,5;12,15;14,16;14,4;12,8;57,4;58,8;73,8;70,6;65,2;1,88;1,62;1,64;1,3;1,6;36,5;37;33,6;37,5;36,2;13,5;15,1;13,9;15,5;14,5;46;43;51;48;47;23,1;22;19,7;22;21,7;33,03;37,86;41,08;42,44;38,6;10,2;51,6;162,6;139,8;364,2;20,46;20,66;22,19;23,25;21,6;96,8;120,1;120,9;131,6;469,4
Pompeia;2008;1650;4029,5;21,6;25,2;24,8;25,8;24,4;9,22;13,31;13,67;13,61;12,5;59,3;66,6;69;65,1;65;1,91;1,6;1,53;1,29;1,6;37;38,1;34,8;37,1;36,8;9,1;13,6;14,8;15,3;13,2;43;45;47;45;45;27,8;24,6;19,9;21,8;23,5;33,16;37,96;41,14;42,45;38,7;35,1;116,1;95,4;126,9;373,5;19,82;19,5;23,2;24,98;21,9;87,5;117;125,1;134,3;463,9
Pompeia;2009;1334;4858,9;23;23,5;25,6;24,6;24,2;14,04;14,53;17,15;16,91;15,7;77,9;77,7;80,9;84,3;80,2;1,54;1,57;1,31;1,48;1,5;32,8;32,7;34,6;32,8;33,2;12,2;12,9;18,8;17,1;15,3;56;57;59;64;59;20,6;19,7;15,8;15,7;18;33,12;37,93;41,12;42,44;38,7;141,6;167,7;205,8;243,9;759;16,94;19,84;20,84;19,64;19,3;93,4;109,2;128,7;127,7;459
Pompeia;2010;1018;5680,1;23,6;23,2;25,3;25,8;24,5;10,13;12,27;12,27;15,69;12,6;57,1;67,6;60,7;73,7;64,8;1,86;1,55;1,55;1,27;1,6;36,8;35,7;37,1;36,5;36,5;13,1;11,6;14,7;16,4;14;42;48;43;45;44,5;23,6;24,1;22,3;20,1;22,5;33,09;37,9;41,11;42,44;38,6;127,2;84;58,2;120,3;389,7;16,9;20,93;23,7;20,94;20,6;95,7;107,9;127,3;134;464,9
Pompeia;2011;480;3956,1;23,2;24,3;24,4;26,7;24,7;8,73;13,18;12,15;12,94;11,8;51,3;68,4;63,4;59,6;60,7;1,91;1,75;1,55;1,32;1,6;38,2;37,1;35,7;37,6;37,2;8,5;13,2;11,9;16,2;12,5;41;45;45;43;43,5;29,8;23,9;23,9;21,4;24,8;33,05;37,88;41,11;42,46;38,6;11,7;150,6;72,3;108,9;343,5;21,8;19,63;24,33;25,51;22,8;94;112,5;122,8;138,8;468,1
Pompeia;2012;1715;5142,5;23,7;26,7;26,3;26,3;25,8;9,77;12,82;13,18;16,91;13,2;55,3;58,9;61,4;76,9;63,1;1,84;1,62;1,65;1,13;1,6;37,9;39,9;37,4;37,4;38,2;7,4;14,7;15,5;20,3;14,5;44;43;43;50;45;30,5;25,2;21,9;17,1;23,7;33,19;37,98;41,16;42,47;38,7;91,2;38,4;90,3;210;429,9;20;21,16;22,59;21,98;21,4;96,2;124;132,6;136,8;489,6
Pompeia;2013;4500;5107,3;22,4;23,4;25,5;27;24,6;10,31;12,63;13,37;14,16;12,6;61,4;69,3;64,9;63,3;64,7;1,82;1,65;1,65;1,38;1,6;35,7;34,1;37,4;38;36,3;8,3;12,4;16;18,1;13,7;45;49;44;42;45;27,4;21,7;21,4;19,9;22,6;33,15;37,94;41,13;42,46;38,7;75,6;101,1;60,9;76,8;314,4;18,01;20,86;21,47;23,54;21;90,9;108,6;128,5;140,5;468,5
Pompeia;2014;2500;4409,2;24,8;26;24,9;24,9;25,2;10,99;10,62;14,53;15,75;13;57,1;52,4;72,4;77,7;64,9;1,84;1,69;1,36;1,46;1,6;37,5;41;33,9;33,9;36,6;13;12,1;14,9;16;14;41;42;48;52;45,8;24,5;28,9;19;17,9;22,6;33,1;37,9;41,13;42,46;38,6;117;47,7;175,8;188,4;528,9;17,8;23,59;21,06;21,75;21,1;100,4;120,6;125,3;129,3;475,6
Pompeia;2015;3800;5552,1;24,6;26;25,1;24,9;25,2;12,02;14,22;17,09;17,15;15,1;63,1;67,8;82,5;84;74,4;1,51;1,61;1,16;1,16;1,4;37,8;38,6;32,7;32;35,3;12,6;15,9;17;17,3;15,7;48;47;59;62;54;25,3;22,8;15,7;14,7;19,6;33,06;37,88;41,11;42,46;38,6;140,1;120;298,8;252,3;811,2;17,52;19,54;17,32;18,12;18,1;99,5;120,6;126,5;129,5;476,1
Pompeia;2016;3200;5110,8;19,9;23,2;24,4;25,1;23,2;10,74;13,55;14,34;15,75;13,6;72,9;73,8;73,1;76,8;74,2;1,51;1,65;1,37;1,33;1,5;33,6;35,2;32,8;34,4;34;7,1;10,5;12,2;16,2;11,5;58;54;51;52;53,8;26,5;24,8;20,6;18,2;22,5;33,18;37,98;41,15;42,45;38,7;22,8;109,8;67,2;138,3;338,1;19,79;21,15;23,16;21,56;21,4;80,9;107,8;123;130,2;441,9
Pompeia;2017;3500;4910,1;24,1;25,5;24,1;25,2;24,7;9,28;13,37;14,59;15,93;13,3;51,8;65,9;75,7;77,7;67,8;1,72;1,63;1,58;1,38;1,6;35,8;37,8;34,6;33,7;35,5;12,8;12,3;14;17,5;14,2;45;47;54;53;49,8;23;25,5;20,6;16,2;21,3;33,13;37,94;41,13;42,45;38,7;15,3;161,4;203,1;187,5;567,3;21,88;19,24;22,6;20,94;21,2;97,6;118,4;121,1;130,7;467,8
Pompeia;2018;3700;4699,8;22,8;24,2;24,4;26,4;24,5;11,54;15,2;15,5;15,5;14,4;66,2;77,9;78,4;70,8;73,3;1,59;1,49;1,68;1,15;1,5;35,2;33,8;33,9;35,1;34,5;9,3;13,6;15,9;14,3;13,3;45;55;55;49;51;25,9;20,3;18;20,8;21,3;33,09;37,9;41,11;42,44;38,6;99,6;204,6;163,8;86,4;554,4;17,83;19,52;20,91;24,79;20,8;92,3;112,1;122,8;137,2;464,4
Pompeia;2019;3700;4029,9;25,9;27,9;27,1;26;26,7;10,86;12,02;13,49;15,87;13,1;53,9;52,1;60,3;74,2;60,1;1,87;1,54;1,59;1,16;1,5;39,3;39,4;39,6;35,4;38,4;14,2;16,3;16;18;16,1;41;40;41;48;42,5;25,1;23,1;23,6;17,4;22,3;33,05;37,87;41,09;42,44;38,6;48,6;51,9;111,3;153;364,8;18,81;23,17;22,92;21,52;21,6;104,7;129,4;136,5;135,1;505,7
Pompeia;2020;4800;3800;26,8;27,5;26,3;26,5;26,8;9,89;12,02;11,47;15,38;12,2;47,3;53,9;54,3;70,1;56,4;1,66;1,75;1,54;1,18;1,5;41,7;42,9;39,2;35,9;39,9;14,8;15,9;13;18,7;15,6;40;41;41;44;41,5;26,9;27;26,2;17,3;24,4;33,18;37,97;41,15;42,46;38,7;10,8;71,4;46,8;139,5;268,5;20,73;20,82;26,12;22,65;22,6;108,9;127,9;132,7;137,7;507,2
Iacri;1984;4500;4829,9;21,4;26,1;25,9;24,7;24,5;10,13;12,15;13,98;15,32;12,9;63,1;57,8;66,3;76,3;65,9;2,48;2,51;2,39;1,93;2,3;33,9;37,1;38;32,9;35,5;9,1;11,5;15;16,5;13;48;45;45;52;47,5;24,8;25,6;23;16,4;22,5;33,41;38,02;41,02;42,24;38,7;81,6;44,7;124,5;262,2;513;18,03;22,4;23,38;20,4;21,1;87,5;121,6;130,1;127,9;467,1
Iacri;1985;4300;4652,3;24,3;27;26,8;27,7;26,5;9,28;9,77;12,45;13,06;11,1;50,9;45,2;57,8;56,9;52,7;2,82;2,37;2,34;2,14;2,4;37,5;39,7;41,3;40,4;39,7;12;14,2;14,8;16,3;14,3;41;39;44;42;41,5;25,5;25,5;26,5;24,2;25,4;33,37;37,98;41;42,23;38,6;29,1;37,5;102,9;121,2;290,7;19,3;23,25;24,72;25,59;23,2;99,1;125,8;134,3;143,1;502,3
Iacri;1986;2800;4075,4;22,4;24,4;27,2;24,7;24,7;10,31;10,68;12,88;15,99;12,5;61,4;56,8;57,1;79,5;63,7;2,97;2,68;2,55;1,68;2,5;35,4;38,1;38,8;31,5;36;11,7;10,1;10,4;17,3;12,4;45;43;42;58;47;23,7;28;28,3;14,2;23,6;33,32;37,96;40,99;42,23;38,6;36,3;58,8;122,7;267;484,8;17,74;22,07;23,27;20,84;21;91,5;113,4;136,4;127,7;469
Iacri;1987;1600;4778,7;21,9;24,7;25,3;25,5;24,4;11,05;13;14,16;15,2;13,4;66,7;66,3;69,2;72,5;68,7;2,93;2,36;2,47;2,05;2,5;35,7;36,3;37,5;33,8;35,8;9,6;10,3;15;15,4;12,6;46;47;50;49;48;26;26;22,5;18,4;23,2;33,29;37,93;40,98;42,23;38,6;84,6;100,2;187,8;155,1;527,7;16,18;20,26;24,02;23,51;21;89,3;114,8;127,2;131,9;463,2
Iacri;1988;2200;4535,4;24,8;24,5;24,3;27,3;25,2;8,97;11,72;12,57;13,61;11,7;48,5;61,2;64,9;60,8;58,9;3,02;2,86;2,57;2,15;2,7;40,1;36,8;34,6;38,3;37,5;12,2;13,6;11;17,1;13,5;40;45;48;43;44;27,9;23,2;23,6;21,2;24;33,43;38,04;41,04;42,25;38,7;23,4;219,6;66,6;160,2;469,8;17,78;18,85;24,19;22,13;20,7;101,4;113,9;122,3;141;478,6
Iacri;1989;2000;4703;21;22,5;24,2;24,3;23;11,96;10,8;13,31;15,08;12,8;73,9;63,3;68,8;77;70,8;2,68;2,86;2,36;2,45;2,6;33,6;33,8;33,7;34,3;33,9;8,3;10,8;12,7;14,4;11,6;54;46;48;55;50,8;25,4;23,1;21;19,9;22,4;33,38;38,02;41,03;42,26;38,7;103,5;58,5;165,3;283,2;610,5;17,37;22,94;22,6;20,19;20,8;85,8;104,7;121,4;125,9;437,8
Iacri;1990;2300;4657,8;19,9;24,6;25,8;25,8;24;10,31;13,67;15,62;14,89;13,6;70,4;69,3;73,2;69,9;70,7;2,98;2,38;1,91;2,16;2,4;33,3;35,7;34,7;34,1;34,5;6,8;12,6;16,1;14,3;12,5;51;52;51;50;51;26,5;23;18,7;19,7;22;33,36;37,98;41;42,25;38,6;115,2;98,1;152,1;151,5;516,9;16,26;21,73;22,72;22,96;20,9;81,1;114,6;129,6;133,7;459
Iacri;1991;1800;4276,2;23;24,5;26,7;25,3;24,9;9,64;12,27;12,33;15,81;12,5;55,5;64;56,9;76,1;63,1;2,91;2,62;2,3;2;2,5;35,3;36,1;36,8;35;35,8;13;13,4;16,2;16,9;14,9;41;46;42;51;45;22,4;22,6;20,6;18,1;20,9;33,31;37,93;41;42,22;38,6;38,4;93,9;69,9;219,6;421,8;17,91;19,76;23,36;23,1;21;93,9;113,9;133,8;131;472,6
Iacri;1992;1900;4051,6;20,5;23,5;23,9;25,4;23,3;12,21;14,22;14,1;14,28;13,7;78,9;76,2;74;69,2;74,6;2,55;2,26;2,16;2,14;2,3;29,7;32,2;32,2;34,2;32,1;11,6;13,8;12,6;15,7;13,4;55;52;52;48;51,8;18,1;18,4;19,7;18,5;18,7;33,43;38,03;41,03;42,25;38,7;185,4;115,5;147,3;62,1;510,3;13,56;19,98;21,81;24,56;20;83,9;109,6;120;131,1;444,6
Iacri;1993;2088;4256,4;22,5;24,9;26,6;25,8;25;12,39;13,24;12,94;15,62;13,5;71,5;66,7;59,8;73,1;67,8;2,42;2,41;2,59;2,32;2,4;33,8;34,6;37,8;34,3;35,1;12,1;10,1;15,1;15,6;13,2;50;48;45;47;47,5;21,8;24,5;22,7;18,7;21,9;33,38;37,99;41,01;42,23;38,7;95,1;54,9;87,3;180;417,3;15,3;21;24,3;20,55;20,3;91,8;115,6;133,6;133,5;474,5
Iacri;1994;4200;4111,9;25,9;26,7;26,3;26,4;26,3;8,73;13;13,67;15,62;12,8;43,9;59,4;62,9;71,3;59,4;2,91;2,72;2,29;2,2;2,5;39,6;39,5;37,2;34,5;37,7;12,4;15,9;14,6;18,5;15,4;39;42;44;45;42,5;27,2;23,6;22,6;16;22,4;33,33;37,96;40,99;42,22;38,6;19,5;100,2;114;167,4;401,1;19,02;20,47;23,07;23,24;21,5;105,7;124,1;132,2;136,3;498,3
Iacri;1995;3300;4176,5;24;23,1;25,5;25,9;24,6;9,77;12,27;13,12;14,47;12,4;53,4;68,6;64,1;68,8;63,7;3,2;2,54;2,31;2,09;2,5;37,2;35,7;36,6;36,7;36,6;12,3;12;14,2;15;13,4;41;49;45;48;45,8;24,9;23,6;22,4;21,7;23,2;33,29;37,93;40,97;42,22;38,6;64,8;160,2;85,2;206,1;516,3;18,42;18,86;24,53;23,97;21,4;97,9;107,2;127,8;134;466,9
Iacri;1996;3400;4270,6;22,1;25,2;24,5;25,8;24,4;11,05;13,31;14,16;16,48;13,8;66,9;65,9;71,9;77,2;70,5;2,82;2,45;2,56;1,73;2,4;34,7;34,8;33,3;33,5;34,1;9,1;13,5;14,4;18,2;13,8;47;46;50;51;48,5;25,6;21,3;19;15,3;20,3;33,42;38,03;41,02;42,24;38,7;119,7;135,6;164,7;219,9;639,9;18,73;20,93;21,79;21,94;20,8;90,2;117,1;123;133,3;463,6
Iacri;1997;4100;3938,5;24,9;25,3;25,9;26,1;25,6;11,96;13,43;16,3;16,6;14,6;60,3;66,1;76,1;76,6;69,8;2,36;2,6;2,02;1,97;2,2;36,8;37,6;37,3;34,3;36,5;13,8;13,7;15,8;17,1;15,1;45;48;53;52;49,5;23;23,9;21,5;17,2;21,4;33,38;38;41,01;42,24;38,7;67,8;124,5;224,7;99,9;516,9;19,7;19,81;19,73;23,13;20,6;101,7;117,7;130;134,7;484,1
Iacri;1998;3500;4120,6;22,8;23,6;25,1;25,2;24,2;12,57;14,1;13,37;15,99;14;71,6;75,4;66,4;77,4;72,7;2,74;2,61;2,27;1,79;2,4;34,5;33,3;34,9;34,7;34,4;12,7;14,4;15,5;15,3;14,5;53;54;48;56;52,8;21,8;18,9;19,4;19,4;19,9;33,35;37,98;41,01;42,25;38,6;133,8;113,1;43,2;324,6;614,7;16,1;19,65;25,32;23,3;21,1;93,2;109,9;125,9;130,5;459,5
Iacri;1999;4300;3754,4;22,7;24,5;24,7;26,1;24,5;10,07;10,93;11,05;14,65;11,7;58,8;57,6;57,8;68,3;60,6;2,77;3,15;2,56;2,23;2,7;36,7;39;36,8;36,6;37,3;10;12,9;13,6;16,2;13,2;45;43;44;48;45;26,7;26,1;23,2;20,5;24,1;33,32;37,95;40,99;42,25;38,6;28,8;47,4;71,7;195;342,9;20,1;22,92;24;22,72;22,4;92,7;113,8;123,8;135,2;465,5
Iacri;2000;3600;4077,1;21,9;26,7;25,3;25,2;24,8;12,39;12,63;14,71;15,5;13,8;73,5;58,7;71,6;75,3;69,8;2,6;2,3;2,09;1,91;2,2;32,8;38,8;36,3;34,3;35,6;11,1;12,7;16,6;15,1;13,9;52;44;48;51;48,8;21,8;26,1;19,7;19,2;21,7;33,44;38,07;41,06;42,28;38,7;138;52,8;208,8;154,5;554,1;17,24;22,46;24,01;22,12;21,5;89,8;124,4;127,2;130,3;471,7
Iacri;2001;4500;3559,2;23,5;24,3;25,7;24,2;24,4;10,93;12,33;15,32;15,01;13,4;59,9;64,9;72,3;77;68,5;2,85;2,17;1,83;2,06;2,2;35,4;36;35,3;32,6;34,8;6,1;13;15,7;12,6;11,9;44;48;48;54;48,5;29,3;23,1;19,6;20;23;33,41;38,04;41,05;42,28;38,7;49,2;117,9;193,8;188,1;549;19,58;21,38;20,76;21,85;20,9;96,1;113;129,4;125,3;463,8
Iacri;2002;4000;3760,9;21,8;28,9;25,6;26,1;25,6;10,31;12,02;14,83;16,48;13,4;61,9;49,8;70,3;75,8;64,5;2,57;2,5;2,53;1,92;2,4;35,2;40;36,8;35,2;36,8;4,6;17,5;14,6;18,5;13,8;45;41;45;51;45,5;30,6;22,5;22,2;16,8;23;33,38;38;41,02;42,28;38,7;69,6;35,7;156,9;151,5;413,7;17,94;21,66;21,71;23,81;21,3;89,1;134,4;128,8;135,2;487,5
Iacri;2003;2450;3147,8;22,5;24,7;25,1;25,7;24,5;10,31;11,96;12,94;16,6;13;61,6;61,8;64,1;77,9;66,4;2,41;2,55;2,58;2,11;2,4;36,9;36,4;38,4;33,7;36,4;10,8;12,3;12,5;16,4;13;45;43;44;51;45,8;26,2;24,1;25,9;17,3;23,4;33,33;37,94;41;42,26;38,6;53,1;84,3;103,2;188,4;429;18,94;20,4;22,11;23,13;21,1;91,7;114,6;126,1;132,8;465,2
Iacri;2004;1850;3462,1;25,5;23,4;24,4;24,7;24,5;9,4;12,82;14,47;14,77;12,9;48,1;69,4;73,9;74,4;66,5;2,5;2,69;2,15;1,97;2,3;39;35,8;34,2;33,1;35,5;13,8;10,4;13,9;16,4;13,6;41;48;53;51;48,3;25,3;25,3;20,4;16,7;21,9;33,45;38,05;41,05;42,27;38,7;18,6;195,9;160,2;160,8;535,5;21,09;18,28;22,81;23,38;21,4;104,4;109;122,5;127,7;463,6
Iacri;2005;3158;4056,3;21,8;25,2;25,5;24,8;24,3;11,41;15,01;13,49;14,77;13,7;69,1;73,4;65,6;73,3;70,4;2,78;2,07;2,67;2,58;2,5;33,8;35,2;37,1;33,2;34,8;9,8;17,6;15;15,9;14,6;46;49;45;46;46,5;24;17,6;22,1;17,4;20,3;33,4;38,02;41,02;42,25;38,7;113,7;158,4;58,8;118,8;449,7;15,89;19,06;23,01;21,9;20;89,1;117,4;127,8;128,5;462,8
Iacri;2006;1600;4099,7;22,8;25,5;26,9;25,5;25,2;10,19;13,98;13,18;16,97;13,6;58,1;67,8;58,9;80,4;66,3;2,7;2,25;2,44;2,02;2,4;36,6;37;38,4;35,6;36,9;4,9;15,6;14,4;18,7;13,4;42;45;41;56;46;31,7;21,4;24;16,9;23,5;33,36;37,98;41;42,24;38,6;62,4;108,6;57,9;324;552,9;18,68;21,46;22,61;20,57;20,8;93;118,4;135,2;132;478,6
Iacri;2007;1800;3703,7;24,3;26,3;24,4;25,7;25,2;10,5;12,33;14,4;14,4;12,9;55,9;57,8;73,3;68,8;64;2,78;2,37;2,51;1,96;2,4;36,8;37,1;33,2;36,7;36;13,7;15,3;14,7;16,5;15,1;45;42;51;46;46;23;21,8;18,5;20,2;20,9;33,32;37,95;40,99;42,24;38,6;11,1;49,2;165,3;123,6;349,2;20,89;20,82;21,01;23,82;21,6;99,2;122,4;122,4;133,1;477,1
Iacri;2008;1800;4870,6;21,8;25,7;25,2;26,5;24,8;9,09;13,31;13,79;13,55;12,4;57,8;64,8;68,6;62,3;63,4;2,83;2,37;2,27;2;2,4;37,4;38;34,9;37,9;37,1;9,7;14;15,3;16,5;13,9;42;45;47;42;44;27,7;24,1;19,6;21,4;23,2;33,44;38,04;41,04;42,25;38,7;33,6;118,2;98,4;107,7;357,9;19,97;19,82;23,79;24,11;21,9;89,2;119,6;126,4;137,3;472,5
Iacri;2009;2000;4720,9;23,1;23,7;25,7;24,8;24,3;14,28;14,83;17,4;17,27;15,9;78,5;78,3;81,6;84,8;80,8;2,28;2,34;2,03;2,14;2,2;32,6;32,5;33,7;31,8;32,7;12,4;13,2;19,1;17,1;15,5;57;59;59;64;59,8;20,2;19,2;14,6;14,7;17,2;33,4;38,01;41,02;42,24;38,7;149,1;192;207;234,9;783;17,56;20,49;21,37;19,04;19,6;94,6;110,3;129;128,3;462,2
Iacri;2010;800;5853,9;23,5;23,3;25,3;26;24,5;10,31;12,57;12,45;16,05;12,8;57,8;68,6;61,4;74,4;65,6;2,71;2,24;2,33;1,91;2,3;36,4;35,2;35,8;35,1;35,6;13,3;11,8;14,9;16,6;14,2;44;49;44;46;45,8;23,1;23,4;20,9;18,5;21,5;33,37;37,99;41,01;42,25;38,7;148,8;85,2;69,9;130,5;434,4;16,81;21,32;23,9;21,23;20,8;96,1;108,4;126,9;134,5;465,9
Iacri;2011;2800;5683;23,9;24,6;24,8;27,2;25,1;8,73;13,37;12,27;12,94;11,8;49,3;68,3;62,1;57,9;59,4;2,8;2,61;2,34;1,98;2,4;38,5;37,7;36,2;37,9;37,6;8,8;13,5;11,9;17;12,8;40;46;45;42;43,3;29,7;24,3;24,3;20,9;24,8;33,33;37,96;41,01;42,26;38,6;13,2;153;78,6;116,1;360,9;22,13;19,39;25,06;25,56;23;97,4;114,2;124,6;140,5;476,7
Iacri;2012;1280;3952,5;24,2;27,1;27,1;26,3;26,2;9,77;12,88;13,24;17,09;13,2;53,4;57,7;58,9;77,6;61,9;2,75;2,47;2,4;1,8;2,4;38;40,7;37,6;37;38,3;8,2;15,3;16,1;20,3;15;44;43;42;51;45;29,8;25,4;21,5;16,7;23,4;33,47;38,07;41,06;42,27;38,7;91,2;35,1;94,2;228,3;448,8;20,11;22;23,42;22,18;21,9;99,1;126,1;136,1;136,3;497,6
Iacri;2013;1150;4379,9;22,8;23,6;26;27,7;25;10,25;12,94;13,55;14,28;12,8;59,9;69,8;63,8;61,2;63,7;2,73;2,38;2,47;2,08;2,4;35,9;33,8;36,9;38,1;36,2;8,1;12,3;16,1;19,2;13,9;44;50;43;41;44,5;27,8;21,5;20,8;18,9;22,3;33,43;38,03;41,03;42,26;38,7;89,1;111;62,7;86,7;349,5;19,21;21,35;21,83;23,09;21,4;93,2;110;130,7;143,2;477,1
Iacri;2014;3080;4684,4;25,2;26,4;25;25,1;25,4;10,99;11,05;14,89;15,99;13,2;55,9;52,8;73,3;78,2;65,1;2,77;2,42;2,02;2,26;2,4;37,8;40,8;33,7;32,7;36,3;13,5;12,2;15,5;16,9;14,5;41;43;48;52;46;24,2;28,6;18,2;15,7;21,7;33,39;37,99;41,03;42,27;38,7;120;57,3;180;186,6;543,9;19,01;23,35;21,48;22,11;21,5;102,9;122,8;125,6;129,7;481
Iacri;2015;3150;4534,6;24,9;26,2;25,3;25,1;25,4;12,21;14,53;17,33;17,52;15,4;62,4;68,2;83;84,8;74,6;2,27;2,3;1,8;1,81;2;37,4;38;32,3;31,7;34,9;13,1;16,4;17,5;18;16,3;46;47;59;63;53,8;24,3;21,7;14,8;13,6;18,6;33,34;37,97;41,01;42,26;38,6;136,8;132;316,8;255,3;840,9;17,98;20,31;18,64;18,71;18,9;101,6;121,8;127;129,8;480,2
Iacri;2016;2500;4616,6;20,1;23,4;24,7;25,2;23,4;10,8;13,67;14,4;15,93;13,7;72,4;73,6;72,2;76,9;73,8;2,17;2,44;2,05;1,95;2,2;32,8;34,7;33,4;34,1;33,8;7,3;11;12,8;16,3;11,9;59;53;50;52;53,5;25,5;23,7;20,6;17,9;21,9;33,46;38,06;41,05;42,26;38,7;28,2;103,2;62,1;150,9;344,4;19,95;21,69;23,09;22,18;21,7;82,4;109;124,4;130,6;446,4
Iacri;2017;1200;3866,1;24,5;25,6;24,3;25,3;24,9;9,28;13,73;14,89;16,3;13,6;50,6;66,7;76;78,4;67,9;2,52;2,41;2,41;2,09;2,4;36;37,7;33,9;33;35,2;13,3;12,6;14,2;18;14,5;44;48;53;53;49,5;22,7;25,1;19,8;15;20,7;33,41;38,03;41,03;42,25;38,7;17,1;178,5;195,3;204,6;595,5;22,37;20,44;23,43;22,11;22,1;100;119,1;122;130,9;472
Iacri;2018;2000;4702,2;23;24,5;24,6;26,4;24,6;11,78;15,62;15,87;15,75;14,8;66;78,6;79,4;71,6;73,9;2,26;2,2;2,49;1,67;2,2;34,1;33,3;32,9;34,5;33,7;9,6;13,5;16,2;14,7;13,5;46;56;55;49;51,5;24,5;19,9;16,7;19,8;20,2;33,38;37,99;41,01;42,24;38,7;106,5;214,5;163,5;90,3;574,8;18,35;20,29;20,65;24,77;21;94;113,9;123,4;136,6;467,9
Iacri;2019;1080;3474,4;26,2;28,5;27,7;26,2;27,2;10,86;12,02;13,43;16,05;13,1;52,8;50,3;58,1;74,1;58,8;2,71;2,27;2,38;1,77;2,3;39,7;39,5;39,9;35,5;38,7;14,7;16,5;17,2;18,4;16,7;41;40;41;48;42,5;25;23;22,7;17,1;22;33,33;37,96;40,99;42,24;38,6;51;53,4;103,2;152,7;360,3;19,34;22,82;22,48;21,52;21,5;107,1;132,7;139,1;135,4;514,3
Iacri;2020;1080;3375;27;27,8;27;26,8;27,2;9,95;12,21;11,41;15,44;12,3;46,8;53,7;51,9;68,9;55,3;2,46;2,52;2,33;1,82;2,3;42;43,4;39,5;35,7;40,2;15,1;16,4;13,8;19,3;16,2;40;41;40;44;41,3;26,9;27;25,6;16,5;24;33,46;38,06;41,05;42,26;38,7;9,3;78,3;44,1;136,5;268,2;21,15;20,83;26;22,86;22,7;110,5;129,7;135,9;138,8;514,9
Marilia;1984;3500;5886,6;20,6;25,2;25;23,8;23,7;9,77;11,84;13,37;14,71;12,4;64,9;60,4;67,2;76,9;67,4;1,81;1,88;1,73;1,39;1,7;33,7;37,3;36,5;33,1;35,2;8,2;10,8;13,6;15;11,9;51;49;50;58;52;25,5;26,5;22,9;18,1;23,3;33,13;37,94;41,12;42,44;38,7;96;44,7;121,2;255;516,9;18,73;22,53;24,57;20,46;21,6;83,5;117;125,6;123,9;450
Marilia;1985;3300;5981,4;23,1;26;25,8;26,6;25,4;9,16;9,52;12,15;12,7;10,9;54,6;47,6;59,9;59,3;55,4;2,03;1,84;1,66;1,5;1,8;37,2;39,3;41,4;39,7;39,4;10,8;12,5;13,1;15,2;12,9;47;45;49;49;47,5;26,4;26,8;28,3;24,4;26,5;33,08;37,9;41,1;42,43;38,6;29,7;33,6;124,8;120,3;308,4;19,24;24,88;26,33;25,91;24,1;93,5;120,6;129,6;138,1;481,8
Marilia;1986;3000;5654,4;20,8;23;25,7;23,9;23,4;10,38;10,8;12,94;15,44;12,4;67,4;62,2;62,4;80,2;68,1;2,03;1,87;1,78;1,19;1,7;34,4;37;37,2;31,4;35;10,5;8,7;9,7;16,4;11,3;53;51;50;66;55;23,9;28,4;27,5;15,1;23,7;33,04;37,87;41,09;42,43;38,6;56,7;53,4;134,4;278,7;523,2;18,12;22,41;23,67;20,04;21,1;84,2;106,6;129,1;124;443,9
Marilia;1987;2300;5262,2;20,4;23,5;24,1;24,6;23,2;10,86;12,7;13,79;14,83;13;71,6;69,4;72,3;74,6;72;2,12;1,74;1,7;1,42;1,7;34,8;37,4;37,2;33,5;35,7;9,3;10,2;13,6;15,4;12,1;53;54;57;56;55;25,5;27,2;23,6;18,2;23,6;33;37,84;41,08;42,43;38,6;84,6;100,5;205,5;141;531,6;17,17;19,93;24,01;23,79;21,2;82,3;109;121,2;127,7;440,2
Marilia;1988;3000;5893,6;23,4;23,2;22,8;25,6;23,8;8,91;11,47;12,51;13,73;11,7;52,4;64,6;70;66,9;63,5;2,3;2,09;1,77;1,36;1,9;39,7;36,3;33,9;36,7;36,7;11,4;12,9;9,8;15,1;12,3;46;52;56;51;51,3;28,3;23,3;24,1;21,7;24,4;33,14;37,95;41,14;42,44;38,7;34,8;233,4;89,4;155,4;513;18,57;18,21;24,65;23,22;21,2;95,1;107,7;115,1;133;450,9
Marilia;1989;2500;5859,2;19,9;21,1;23,1;23,6;21,9;11,6;10,74;12,82;14,47;12,4;76,1;68,3;70,6;77,1;73;1,9;2,05;1,71;1,69;1,8;32;33,1;33,3;34,6;33,3;7,9;10,3;10,5;13,4;10,5;60;53;54;60;56,8;24,1;22,8;22,8;21,2;22,7;33,1;37,93;41,13;42,46;38,7;117,9;69,6;152,1;293,4;633;17,54;23,76;22,98;20,99;21,3;80,8;97,9;116,2;122,6;417,5
Marilia;1990;2150;5282,8;18,7;23,5;24,9;24,8;23;10,07;13,43;15,32;14,34;13,3;73,1;72,4;75,6;71,3;73,1;2,06;1,72;1,38;1,55;1,7;32,9;35,2;35,5;34,6;34,6;6,4;10,8;15;13,2;11,4;57;58;59;56;57,5;26,5;24,4;20,5;21,4;23,2;33,07;37,89;41,09;42,45;38,6;115,5;101,1;160,8;143,4;520,8;16,52;21,74;23,48;23,38;21,3;75,8;109,2;125,1;129,1;439,2
Marilia;1991;1500;5514;21,6;23,5;25,2;24,5;23,7;9,46;12,02;12,57;15,38;12,4;59,9;66,9;63,3;77,3;66,9;2,09;1,87;1,59;1,38;1,7;34,6;35,7;35,8;34;35;11,2;12,2;14,3;15;13,2;47;52;50;58;51,8;23,4;23,5;21,6;19;21,9;33,03;37,84;41,09;42,42;38,6;60,9;89,7;90,6;228,6;469,8;18,31;20,71;25,27;21,82;21,5;87,5;108,7;126,5;127,3;450
Marilia;1992;3300;5652,4;19,5;22,4;22,9;24,2;22,3;11,9;13,79;13,67;13,85;13,3;80,6;78,6;75,7;71,6;76,6;1,79;1,63;1,57;1,48;1,6;29,7;31,6;32,3;33,9;31,9;11;12,4;12;13,6;12,3;62;62;60;56;60;18,7;19,2;20,4;20,3;19,7;33,14;37,94;41,13;42,44;38,7;194,1;113,4;163,2;57,3;528;13,19;19,57;22,42;24,9;20;79,3;104;115,3;125,8;424,4
Marilia;1993;1850;5562,9;21,2;23,6;25,7;25;23,9;12,02;13,18;12,82;15,2;13,3;74,4;71,1;62,6;74,4;70,6;1,73;1,66;1,78;1,55;1,7;33,2;34,4;36,9;34,5;34,8;10,9;8,9;14,9;15,1;12,5;57;55;52;55;54,8;22,3;25,5;22,1;19,4;22,3;33,1;37,9;41,11;42,43;38,6;98,4;78,9;86,7;190,2;454,2;15,49;20,79;25,63;21,51;20,9;86,1;109,6;129,3;129,8;454,8
Marilia;1994;2700;5773,1;24,6;25,5;25,1;25,5;25,2;8,42;12,63;13,43;15,32;12,5;46,4;62,1;66,4;73,3;62,1;2,18;1,95;1,64;1,49;1,8;39,2;39;37,2;34,9;37,6;11,4;14,6;13,2;16,5;13,9;45;48;51;53;49,3;27,8;24,4;24;18,4;23,7;33,05;37,87;41,09;42,42;38,6;21;102;124,2;184,2;431,4;20,52;20,59;23,02;23,32;21,9;99,4;118,2;126,2;132,5;476,3
Marilia;1995;1900;5879,7;22,3;22;24,2;24,9;23,4;9,89;12,02;13,06;13,92;12,2;59,4;71,9;68,7;70,1;67,5;2,27;1,76;1,65;1,52;1,8;36,3;35,1;35,9;35,8;35,8;10,1;11,3;13,3;13,1;12;48;56;54;53;52,8;26,2;23,8;22,6;22,6;23,8;33;37,84;41,07;42,41;38,6;86,4;172,2;73,5;163,2;495,3;18,15;19,47;25,12;24,15;21,7;90,2;101,8;121,4;129,1;442,5
Marilia;1996;1300;5765,4;20,8;23,8;23,6;25,2;23,4;10,86;12,94;13,49;15,99;13,3;70,5;69,2;72,1;77,3;72,3;1,99;1,79;1,81;1,21;1,7;34,9;34,3;32,9;34,6;34,2;9,3;11,8;14;17,4;13,1;53;52;55;57;54,3;25,6;22,4;18,9;17,2;21;33,14;37,94;41,12;42,43;38,7;136,8;135;131,4;239,4;642,6;18,44;21,35;22,6;19,99;20,6;84,5;110,4;118,9;130,9;444,7
Marilia;1997;1180;5019,9;23,3;24,1;24,8;25,3;24,4;11,72;13,12;15,81;16,3;14,2;65,1;69,3;78,1;78,1;72,7;1,72;1,93;1,45;1,38;1,6;36,2;37,6;36,9;33,8;36,1;12,5;12,5;14,1;16,3;13,9;52;54;59;59;56;23,7;25,1;22,8;17,6;22,3;33,09;37,92;41,11;42,44;38,6;75;138,3;213,9;107,4;534,6;19,38;20,53;21,31;23,91;21,3;94,5;111,7;124,9;131,5;462,6
Marilia;1998;1400;5766,9;21,4;22,5;23,7;24,7;23,1;12,45;13,67;13;15,5;13,7;75,9;77,6;70,1;77,3;75,2;1,88;1,87;1,62;1,28;1,7;33,3;32,1;34,2;35,9;33,9;11,5;13,2;14,2;14,3;13,3;62;63;55;60;60;21,8;18,9;20;21,6;20,6;33,06;37,9;41,11;42,45;38,6;167,4;116,1;36,3;272,1;591,9;15,86;19,53;25,05;23,63;21;86,7;104,2;119,1;128,5;438,5
Marilia;1999;900;5323;21,5;23,1;23,8;25,6;23,5;9,89;10,68;10,5;13,92;11,2;62,7;61,8;58,6;67,4;62,6;2,04;2,3;1,89;1,63;2;36,4;38,6;36,7;37,1;37,2;9,2;11,2;12,5;15,7;12,2;51;48;48;52;49,8;27,2;27,4;24,2;21,4;25,1;33,03;37,86;41,09;42,45;38,6;41,7;60;53,1;158,1;312,9;19,73;22,28;23,76;22,76;22,1;86,8;106,9;119,9;132,9;446,5
Marilia;2000;1550;4864;20,9;25,4;24,5;24,4;23,8;11,96;12,88;14,34;15,01;13,5;75,1;64,3;73;75,9;72,1;1,83;1,56;1,48;1,39;1,6;32,4;38,1;35,7;34,3;35,1;9,4;12,2;15,2;14,4;12,8;58;52;55;57;55,5;23;25,8;20,5;19,9;22,3;33,16;37,98;41,16;42,47;38,7;138,6;66,6;198,9;160,2;564,3;17,24;22,74;23,56;22,35;21,5;84,9;118;123,3;127,1;453,3
Marilia;2001;400;5769,5;22,1;23,2;25,1;23,5;23,5;11,05;11,9;14,53;14,47;13;65,9;67,3;71,7;77,3;70,6;1,98;1,62;1,39;1,47;1,6;35;36,7;36,9;32,6;35,3;5,6;11,7;14,3;12;10,9;51;52;52;59;53,5;29,5;24,9;22,6;20,6;24,4;33,13;37,95;41,15;42,48;38,7;60;104,7;150,9;214,8;530,4;19,48;22,33;21,47;21,51;21,2;89,5;107,9;126,4;122,1;445,9
Marilia;2002;350;5471,3;20,7;27,3;24,5;25,2;24,4;10,25;12,33;14,53;16,24;13,3;65,8;55,9;73,3;78,2;68,3;1,81;1,74;1,74;1,29;1,6;35;39,2;36,8;34;36,3;2,7;15,4;13,1;16,2;11,9;52;48;54;61;53,8;32,3;23,8;23,6;17,8;24,4;33,09;37,91;41,12;42,48;38,7;79,2;42,6;218,1;170,4;510,3;18,53;21,85;20,65;23,43;21,1;83,9;126,9;123,4;131;465,2
Marilia;2003;500;5466;21,2;23,5;23,8;25;23,4;10,19;11,66;12,82;15,99;12,7;65,9;65;68,6;78;69,4;1,72;1,82;1,84;1,45;1,7;37;36,6;37,8;33,3;36,2;9,6;10,7;10,9;14,8;11,5;51;50;52;56;52,3;27,4;25,9;26,9;18,5;24,7;33,05;37,85;41,1;42,45;38,6;62,4;90,3;140,7;155,4;448,8;18,93;20,4;21,45;23,03;21;85,9;108,8;119,9;129,8;444,4
Marilia;2004;500;5457,4;24;22,3;23,4;23,7;23,4;10,01;12,45;14,04;14,47;12,7;55,8;71,9;75,9;76,3;70;1,82;1,91;1,54;1,38;1,7;38;35,6;33,7;33,1;35,1;12,2;9,6;12,3;15,2;12,3;49;55;62;59;56,3;25,8;26;21,3;18;22,8;33,17;37,97;41,15;42,46;38,7;28,8;226,5;151,5;160,5;567,3;20,95;18,24;22,53;22,78;21,1;97,6;103,5;117,8;123,4;442,3
Marilia;2005;429;3865,1;20,7;24,1;23,9;23,7;23,1;11,29;14,65;13,37;14,47;13,4;72,4;76;70,9;76,2;73,9;1,89;1,52;1,8;1,7;1,7;32,7;35,8;36;32,9;34,4;9,2;16,2;13,8;14,9;13,5;52;56;53;55;54;23,5;19,6;22,2;18,1;20,9;33,12;37,93;41,13;42,45;38,7;119,1;180,9;60;155,7;515,7;16,19;17,83;22,73;21,61;19,6;84,1;112;120,2;123,3;439,6
Marilia;2006;600;4304,9;21,4;24,2;25,8;24,9;24,1;10,01;13,55;13,06;16,3;13,2;62,4;70,5;62,3;79,9;68,8;1,91;1,62;1,78;1,46;1,7;36,7;35,7;36,9;34,7;36;3,2;13,2;11,8;17,6;11,5;48;52;48;59;51,8;33,5;22,5;25,2;17,2;24,6;33,08;37,89;41,1;42,44;38,6;84;110,7;63,3;280,2;538,2;18,8;21,36;22,68;20,48;20,8;86,8;112,4;129,7;129,2;458,1
Marilia;2007;2500;6168,3;23,2;25,4;23,5;24,7;24,2;10,74;12,02;13,79;14,47;12,8;61,3;60,5;73,9;73,1;67,2;1,97;1,78;1,78;1,33;1,7;36,2;36,7;33,7;37,4;36;12,6;13,9;12,9;15,1;13,6;52;48;55;55;52,5;23,5;22,8;20,8;22,3;22,4;33,03;37,86;41,08;42,44;38,6;11,7;56,7;162,9;161,4;392,7;20,72;20,94;21,48;22,7;21,5;94;117,5;118,3;128,3;458,1
Marilia;2008;3950;5570,2;20,4;24,1;23,9;25,5;23,5;9,46;13,43;13,55;13;12,4;64,3;70,7;72;64;67,8;1,98;1,73;1,63;1,41;1,7;36,3;37,6;33,8;37,1;36,2;8,5;12,8;13,6;14,7;12,4;50;52;54;49;51,3;27,8;24,8;20,2;22,4;23,8;33,16;37,96;41,14;42,45;38,7;52,2;116,1;111,3;90,9;370,5;20,01;19,28;22,95;24,67;21,7;83;112,1;120,2;132,6;447,9
Marilia;2009;2400;5267,1;22,3;22,7;25,1;24,2;23,6;13,85;14,22;17,09;16,66;15,5;79,7;79,6;82,4;84,5;81,6;1,67;1,68;1,4;1,5;1,6;31,6;32;33,4;32;32,3;11,8;12,2;18,3;16,1;14,6;65;69;71;75;70;19,8;19,8;15,2;15,9;17,7;33,12;37,93;41,12;42,44;38,7;152,4;221,4;207,3;238,2;819,3;16,4;19,93;21,22;19,52;19,3;90,3;105,2;126,2;125,5;447,2
Marilia;2010;850;4954,9;22,7;22,3;24,6;25;23,7;9,89;12,08;12,27;15,69;12,5;59;70,4;63,6;76,7;67,4;2,05;1,7;1,67;1,41;1,7;36,6;35,6;36,5;34,9;35,9;12,4;10,6;14,3;16,1;13,4;48;54;50;53;51,3;24,2;25;22,2;18,8;22,6;33,09;37,9;41,11;42,44;38,6;126;102,9;65,4;149,1;443,4;17,04;21,37;23,07;21,2;20,7;92,1;103,4;123,6;129,8;448,9
Marilia;2011;1000;5783,2;22,8;23,3;23,2;26;23,8;8,42;13,06;12,21;12,76;11,6;51,8;71,4;67,7;61,3;63,1;2,05;1,82;1,62;1,45;1,7;39;38;34,4;37,3;37,2;7,5;12,7;10,8;14,9;11,5;45;54;52;49;50;31,6;25,3;23,5;22,5;25,7;33,05;37,87;41,11;42,46;38,6;6,9;207,6;64,8;83,4;362,7;21,89;19,64;23,93;24,6;22,5;92,2;108,1;116,9;135,2;452,4
Marilia;2012;500;5550,6;22,9;25,8;25,7;26,1;25,1;9,83;12,82;12,76;16,6;13;58,2;61,8;61,9;76,4;64,6;1,95;1,74;1,82;1,27;1,7;37,8;40,5;37,7;38,8;38,7;7,6;13,6;14,8;19;13,8;49;49;48;53;49,8;30,2;26,8;22,9;19,8;24,9;33,19;37,98;41,16;42,47;38,7;73,8;52,5;75,6;189,6;391,5;19,95;21,38;22,57;21,59;21,4;93,2;120,1;129,5;135,8;478,6
Marilia;2013;1050;6705,9;21,4;22,3;24,6;26,6;23,7;10,5;12,76;13,37;14,04;12,7;65,9;73,7;68,6;64,3;68,1;1,9;1,73;1,77;1,55;1,7;35,1;32,5;36,7;37,9;35,6;6,8;11,5;15;16,7;12,5;51;58;52;48;52,3;28,3;21,1;21,8;21,2;23,1;33,15;37,94;41,13;42,46;38,7;96;137,1;69,9;91,8;394,8;18,17;20,79;21,34;23,2;20,9;87;103,5;123,9;138,1;452,5
Marilia;2014;1500;6454,8;23,8;25;24,5;24,2;24,4;11,05;10,93;14,1;15,69;12,9;60,8;56,8;71,8;79,8;67,3;1,89;1,8;1,48;1,49;1,7;36,9;39,6;34;32,7;35,8;12,1;11,1;13,8;15,3;13,1;48;49;52;60;52,3;24,8;28,5;20,2;17,3;22,7;33,1;37,9;41,13;42,46;38,6;135,9;33,3;160,8;229,2;559,2;18,49;23,75;21,41;21,77;21,4;96,3;116,2;123,4;125,9;461,8
Marilia;2015;2000;6241;23,6;24,7;24,4;24,4;24,3;12,21;14,47;16,78;17,15;15,2;67,3;73,2;83,9;85,8;77,6;1,59;1,64;1,27;1,23;1,4;37,3;36,7;32,2;31,6;34,5;11,7;14,7;16,4;16,8;14,9;55;57;68;78;64,5;25,6;22;15,7;14,7;19,5;33,05;37,88;41,11;42,45;38,6;170,4;147,6;318,9;288,3;925,2;17,83;20,19;17,11;18,27;18,4;95,4;114,5;122,9;127;459,8
Marilia;2016;2500;6016,1;19,2;22,4;23,9;24,6;22,5;10,62;13,37;13,98;15,44;13,4;74,7;75,8;73,3;77,3;75,3;1,53;1,77;1,52;1,4;1,6;32,5;34,5;32,6;34,5;33,5;6,1;10,1;11,6;15;10,7;66;59;55;56;59;26,5;24,4;21;19,5;22,9;33,18;37,98;41,15;42,45;38,7;30,9;115,8;71,1;156,9;374,7;19,81;21,18;23,08;21,87;21,5;78;104,2;120,4;128;430,6
Marilia;2017;2500;5779,9;23,2;24,7;23,2;24,8;24;9,7;13,49;14,28;15,75;13,3;57,1;68,9;77,3;78,2;70,4;1,77;1,8;1,7;1,45;1,7;35,4;37,6;33,8;33,9;35,2;11,8;12,3;13,1;17,2;13,6;51;53;60;57;55,3;23,7;25,3;20,7;16,7;21,6;33,13;37,94;41,13;42,45;38,7;15,9;195,3;164,4;177,9;553,5;22,26;19,32;22,26;21,08;21,2;94;114,7;117;128,8;454,5
Marilia;2018;2500;5532;21,8;23,3;23,8;25,5;23,6;11,66;14,89;15,14;15,56;14,3;70,4;79,5;78,8;74,1;75,7;1,63;1,66;1,76;1,23;1,6;34,1;33;33,2;34;33,6;9,2;13;15,1;13;12,6;53;62;64;60;59,8;24,9;20;18,1;21;21;33,09;37,9;41,11;42,44;38,6;120,3;223,5;161,4;86,1;591,3;18,02;19,87;20,29;24,98;20,8;88,4;108,3;119,8;132,6;449,1
Marilia;2019;2500;4772,1;25;27,3;26,3;25,4;26;10,74;11,9;13,55;15,38;12,9;56,1;53,9;63,6;74,6;62,1;2,02;1,7;1,74;1,25;1,7;39,4;39;39,8;35,7;38,5;13,1;15,8;14,5;17,1;15,1;47;46;48;54;48,8;26,3;23,2;25,3;18,7;23,4;33,05;37,87;41,09;42,44;38,6;56,7;58,5;138,3;131,4;384,9;19,22;23,29;22,19;21,86;21,6;101,1;126,6;132,1;131,8;491,6
Marilia;2020;3000;4500;25,7;26,7;25,5;26;26;10,44;11,78;11,54;15,26;12,3;52,9;55,6;57,1;71,5;59,3;1,75;1,98;1,63;1,32;1,7;41,2;42,3;39,2;35,2;39,5;13,7;14,8;12,4;17,4;14,6;47;47;47;51;48;27,5;27,6;26,8;17,8;24,9;33,18;37,97;41,15;42,46;38,7;12;63,3;56,4;147,3;279;20,65;20,63;25,93;22,31;22,4;104,2;123,9;128,6;135,2;491,9
